<Ticker>,<DTYYYYMMDD>,<OpenFixed>,<HighFixed>,<LowFixed>,<CloseFixed>,<Volume>,<Open>,<High>,<Low>,<Close>,<VolumeDeal>,<VolumeFB>,<VolumeFS>
ABC,20210813,12.9000,12.9000,12.6000,12.7000,9200,12.9000,12.9000,12.6000,12.7000,0,0,0
ABC,20210812,12.7000,13.4000,12.6000,12.9000,19400,12.7000,13.4000,12.6000,12.9000,0,900,0
ABC,20210811,12.5000,12.8000,12.5000,12.6000,29214,12.5000,12.8000,12.5000,12.6000,0,0,0
ABC,20210810,12.0000,13.0000,11.8000,12.5000,102004,12.0000,13.0000,11.8000,12.5000,0,0,0
ABC,20210809,11.8000,12.0000,11.7000,12.0000,45610,11.8000,12.0000,11.7000,12.0000,0,0,0
ABC,20210806,11.8000,11.9000,11.8000,11.8000,13100,11.8000,11.9000,11.8000,11.8000,0,0,0
ABC,20210805,11.8000,11.9000,11.6000,11.8000,6200,11.8000,11.9000,11.6000,11.8000,0,0,0
ABC,20210804,11.6000,11.7000,11.6000,11.7000,11900,11.6000,11.7000,11.6000,11.7000,0,0,0
ABC,20210803,11.8000,11.8000,11.5000,11.6000,6900,11.8000,11.8000,11.5000,11.6000,0,0,0
ABC,20210802,11.4000,11.6000,11.4000,11.6000,11400,11.4000,11.6000,11.4000,11.6000,0,0,0
ABC,20210730,11.6000,11.8000,11.6000,11.6000,15400,11.6000,11.8000,11.6000,11.6000,0,300,0
ABC,20210729,11.4000,11.9000,11.4000,11.8000,8700,11.4000,11.9000,11.4000,11.8000,0,300,0
ABC,20210728,11.8000,12.0000,11.8000,11.8000,8600,11.8000,12.0000,11.8000,11.8000,0,0,0
ABC,20210727,11.8000,11.8000,11.7000,11.7000,1100,11.8000,11.8000,11.7000,11.7000,0,0,0
ABC,20210726,11.7000,11.8000,11.6000,11.6000,8429,11.7000,11.8000,11.6000,11.6000,0,0,0
ABC,20210723,11.8000,11.8000,11.5000,11.8000,4001,11.8000,11.8000,11.5000,11.8000,0,1000,0
ABC,20210722,11.9000,11.9000,11.5000,11.6000,35413,11.9000,11.9000,11.5000,11.6000,0,400,0
ABC,20210721,0.0000,11.8000,11.5000,11.8000,7500,0.0000,11.8000,11.5000,11.8000,0,0,0
ABC,20210720,11.5000,11.8000,11.5000,11.5000,9901,11.5000,11.8000,11.5000,11.5000,0,0,0
ABC,20210719,11.6000,11.8000,11.5000,11.5000,13500,11.6000,11.8000,11.5000,11.5000,0,1500,0
ABC,20210716,11.8000,12.0000,11.3000,11.9000,6231,11.8000,12.0000,11.3000,11.9000,0,0,0
ABC,20210715,11.2000,11.7000,11.0000,11.7000,13400,11.2000,11.7000,11.0000,11.7000,0,200,0
ABC,20210714,11.2000,11.5000,11.2000,11.5000,8941,11.2000,11.5000,11.2000,11.5000,0,0,0
ABC,20210713,11.0000,11.2000,11.0000,11.2000,5900,11.0000,11.2000,11.0000,11.2000,0,600,0
ABC,20210712,11.3000,11.3000,10.6000,10.8000,34528,11.3000,11.3000,10.6000,10.8000,0,1700,0
ABC,20210709,11.6000,11.6000,11.2000,11.6000,14900,11.6000,11.6000,11.2000,11.6000,0,0,0
ABC,20210708,11.6000,11.9000,11.6000,11.8000,12000,11.6000,11.9000,11.6000,11.8000,0,0,0
ABC,20210707,11.7000,11.8000,11.4000,11.8000,14100,11.7000,11.8000,11.4000,11.8000,0,0,0
ABC,20210706,12.0000,12.2000,11.6000,11.7000,55900,12.0000,12.2000,11.6000,11.7000,0,0,0
ABC,20210705,12.3000,12.3000,12.3000,12.3000,11401,12.3000,12.3000,12.3000,12.3000,0,0,0
ABC,20210702,12.4000,12.4000,12.3000,12.3000,9710,12.4000,12.4000,12.3000,12.3000,0,0,0
ABC,20210701,12.2000,12.6000,12.1000,12.4000,17352,12.2000,12.6000,12.1000,12.4000,0,0,0
ABC,20210630,12.6000,12.6000,12.0000,12.2000,116447,12.6000,12.6000,12.0000,12.2000,0,700,0
ABC,20210629,12.9000,12.9000,12.5000,12.7000,16320,12.9000,12.9000,12.5000,12.7000,0,0,0
ABC,20210628,12.8000,13.0000,12.6000,12.8000,20301,12.8000,13.0000,12.6000,12.8000,0,0,0
ABC,20210625,13.0000,13.1000,12.7000,12.9000,15208,13.0000,13.1000,12.7000,12.9000,0,0,0
ABC,20210624,13.2000,13.2000,12.8000,13.0000,7600,13.2000,13.2000,12.8000,13.0000,0,0,0
ABC,20210623,13.4000,13.4000,13.0000,13.0000,7700,13.4000,13.4000,13.0000,13.0000,0,0,0
ABC,20210622,13.1000,13.3000,13.1000,13.2000,33920,13.1000,13.3000,13.1000,13.2000,0,0,0
ABC,20210621,13.4000,13.4000,13.0000,13.1000,16700,13.4000,13.4000,13.0000,13.1000,0,0,0
ABC,20210618,13.4000,13.5000,13.0000,13.3000,31555,13.4000,13.5000,13.0000,13.3000,0,0,0
ABC,20210617,13.0000,13.3000,12.9000,13.3000,18800,13.0000,13.3000,12.9000,13.3000,0,0,0
ABC,20210616,13.0000,13.2000,12.9000,13.2000,15920,13.0000,13.2000,12.9000,13.2000,0,0,0
ABC,20210615,13.0000,13.2000,12.8000,13.2000,6520,13.0000,13.2000,12.8000,13.2000,0,300,0
ABC,20210614,13.2000,13.2000,12.8000,12.9000,10600,13.2000,13.2000,12.8000,12.9000,0,0,0
ABC,20210611,13.5000,13.5000,13.0000,13.2000,21949,13.5000,13.5000,13.0000,13.2000,0,0,0
ABC,20210610,13.4000,13.5000,13.2000,13.5000,21142,13.4000,13.5000,13.2000,13.5000,0,0,0
ABC,20210609,13.3000,13.5000,13.2000,13.5000,18410,13.3000,13.5000,13.2000,13.5000,0,0,0
ABC,20210608,13.7000,13.8000,13.3000,13.3000,7100,13.7000,13.8000,13.3000,13.3000,0,0,0
ABC,20210607,13.9000,13.9000,13.5000,13.7000,16500,13.9000,13.9000,13.5000,13.7000,0,0,0
ABC,20210604,13.2000,14.0000,13.2000,13.9000,37931,13.2000,14.0000,13.2000,13.9000,0,0,0
ABC,20210603,13.0000,13.4000,12.8000,13.4000,36030,13.0000,13.4000,12.8000,13.4000,0,0,0
ABC,20210602,12.3000,13.1000,12.2000,13.0000,21837,12.3000,13.1000,12.2000,13.0000,0,0,0
ABC,20210601,12.6000,12.8000,12.0000,12.4000,26900,12.6000,12.8000,12.0000,12.4000,0,600,0
ABC,20210531,12.6000,13.1000,12.3000,12.6000,22000,12.6000,13.1000,12.3000,12.6000,0,0,0
ABC,20210528,12.5000,12.8000,12.3000,12.6000,21500,12.5000,12.8000,12.3000,12.6000,0,0,0
ABC,20210527,12.8000,12.8000,12.4000,12.6000,17000,12.8000,12.8000,12.4000,12.6000,0,0,0
ABC,20210526,12.8000,13.2000,12.7000,12.9000,23000,12.8000,13.2000,12.7000,12.9000,0,1400,0
ABC,20210525,13.3000,13.3000,12.4000,12.7000,17800,13.3000,13.3000,12.4000,12.7000,0,0,0
ABC,20210524,13.5000,13.6000,13.0000,13.3000,20600,13.5000,13.6000,13.0000,13.3000,0,0,0
ABC,20210521,12.9000,13.2000,11.9000,13.0000,65400,12.9000,13.2000,11.9000,13.0000,0,0,0
ABC,20210520,13.4000,13.4000,12.9000,13.2000,17600,13.4000,13.4000,12.9000,13.2000,0,0,0
ABC,20210519,13.6000,13.9000,13.2000,13.4000,20000,13.6000,13.9000,13.2000,13.4000,0,0,0
ABC,20210518,14.0000,14.0000,13.5000,13.5000,20000,14.0000,14.0000,13.5000,13.5000,0,0,0
ABC,20210517,14.3000,14.4000,13.7000,14.0000,18300,14.3000,14.4000,13.7000,14.0000,0,0,0
ABC,20210514,14.2000,14.5000,14.0000,14.4000,23932,14.2000,14.5000,14.0000,14.4000,0,0,0
ABC,20210513,14.6000,14.6000,14.2000,14.5000,21100,14.6000,14.6000,14.2000,14.5000,0,0,0
ABC,20210512,14.6000,14.8000,14.3000,14.6000,53705,14.6000,14.8000,14.3000,14.6000,0,500,0
ABC,20210511,15.0000,15.1000,14.8000,14.9000,20100,15.0000,15.1000,14.8000,14.9000,0,0,0
ABC,20210510,14.6000,15.2000,14.3000,15.0000,33000,14.6000,15.2000,14.3000,15.0000,0,0,0
ABC,20210507,15.2000,15.4000,14.8000,14.9000,27310,15.2000,15.4000,14.8000,14.9000,0,0,0
ABC,20210506,15.1000,15.4000,15.0000,15.2000,19500,15.1000,15.4000,15.0000,15.2000,0,0,0
ABC,20210505,15.6000,15.6000,15.1000,15.1000,3400,15.6000,15.6000,15.1000,15.1000,0,0,0
ABC,20210504,15.3000,15.3000,15.0000,15.3000,16200,15.3000,15.3000,15.0000,15.3000,0,0,0
ABC,20210429,15.2000,15.9000,14.8000,15.8000,37110,15.2000,15.9000,14.8000,15.8000,0,0,0
ABC,20210428,15.1000,16.0000,15.1000,15.5000,21710,15.1000,16.0000,15.1000,15.5000,0,0,0
ABC,20210427,14.9000,15.2000,14.9000,15.1000,9200,14.9000,15.2000,14.9000,15.1000,0,0,0
ABC,20210426,15.4000,15.4000,14.7000,15.0000,12800,15.4000,15.4000,14.7000,15.0000,0,0,0
ABC,20210423,14.5000,15.5000,14.5000,15.2000,12400,14.5000,15.5000,14.5000,15.2000,0,0,0
ABC,20210422,15.8000,15.8000,14.9000,15.0000,87300,15.8000,15.8000,14.9000,15.0000,0,3400,10000
ABC,20210420,16.1000,16.1000,15.6000,15.8000,28509,16.1000,16.1000,15.6000,15.8000,0,600,0
ABC,20210419,16.5000,16.5000,15.5000,16.1000,8610,16.5000,16.5000,15.5000,16.1000,0,0,0
ABC,20210416,16.4000,16.6000,16.0000,16.4000,44000,16.4000,16.6000,16.0000,16.4000,0,0,0
ABC,20210415,16.7000,17.0000,16.2000,16.6000,50449,16.7000,17.0000,16.2000,16.6000,0,0,0
ABC,20210414,16.6000,16.7000,16.2000,16.7000,31700,16.6000,16.7000,16.2000,16.7000,0,0,0
ABC,20210413,17.0000,17.0000,16.4000,16.6000,41810,17.0000,17.0000,16.4000,16.6000,0,100,0
ABC,20210412,16.5000,17.0000,16.5000,17.0000,43937,16.5000,17.0000,16.5000,17.0000,0,0,0
ABC,20210409,17.0000,17.0000,16.4000,16.9000,40600,17.0000,17.0000,16.4000,16.9000,0,0,0
ABC,20210408,16.8000,17.2000,16.8000,17.0000,16901,16.8000,17.2000,16.8000,17.0000,0,0,0
ABC,20210407,16.0000,17.8000,13.6000,17.2000,119000,16.0000,17.8000,13.6000,17.2000,0,5500,0
ABC,20210406,16.4000,16.7000,15.5000,16.6000,295700,16.4000,16.7000,15.5000,16.6000,0,0,0
ABC,20210405,16.6000,16.7000,16.3000,16.5000,116385,16.6000,16.7000,16.3000,16.5000,0,4500,0
ABC,20210402,17.2000,17.2000,16.6000,16.7000,61818,17.2000,17.2000,16.6000,16.7000,0,0,0
ABC,20210401,17.0000,17.1000,15.5000,17.0000,130200,17.0000,17.1000,15.5000,17.0000,0,0,0
ABC,20210331,17.2000,17.2000,17.0000,17.0000,29300,17.2000,17.2000,17.0000,17.0000,0,0,0
ABC,20210330,17.3000,17.4000,17.0000,17.2000,50017,17.3000,17.4000,17.0000,17.2000,0,0,0
ABC,20210329,18.0000,18.0000,17.1000,17.4000,14519,18.0000,18.0000,17.1000,17.4000,0,0,0
ABC,20210326,17.3000,17.3000,16.7000,17.3000,11420,17.3000,17.3000,16.7000,17.3000,0,0,0
ABC,20210325,17.4000,17.6000,17.0000,17.2000,6512,17.4000,17.6000,17.0000,17.2000,0,0,0
ABC,20210324,17.5000,17.8000,17.3000,17.4000,17110,17.5000,17.8000,17.3000,17.4000,0,0,0
ABC,20210323,17.8000,17.9000,17.6000,17.6000,21100,17.8000,17.9000,17.6000,17.6000,0,0,0
ABC,20210322,17.9000,18.0000,17.6000,17.9000,41600,17.9000,18.0000,17.6000,17.9000,0,300,5000
ABC,20210319,17.9000,18.0000,17.8000,17.9000,41802,17.9000,18.0000,17.8000,17.9000,0,0,0
ABC,20210318,17.9000,18.0000,17.7000,18.0000,21775,17.9000,18.0000,17.7000,18.0000,0,0,0
ABC,20210317,18.0000,18.0000,17.8000,18.0000,17000,18.0000,18.0000,17.8000,18.0000,0,0,0
ABC,20210316,17.9000,18.1000,17.8000,18.0000,23100,17.9000,18.1000,17.8000,18.0000,0,2000,0
ABC,20210315,18.0000,18.2000,17.9000,17.9000,27601,18.0000,18.2000,17.9000,17.9000,0,2000,0
ABC,20210312,17.6000,18.0000,17.6000,17.9000,34001,17.6000,18.0000,17.6000,17.9000,0,0,0
ABC,20210311,17.6000,17.6000,17.5000,17.5000,26100,17.6000,17.6000,17.5000,17.5000,0,0,0
ABC,20210310,17.5000,17.6000,17.5000,17.5000,42419,17.5000,17.6000,17.5000,17.5000,0,0,0
ABC,20210309,17.9000,17.9000,17.4000,17.5000,12900,17.9000,17.9000,17.4000,17.5000,0,0,0
ABC,20210308,17.7000,18.1000,17.7000,17.7000,6000,17.7000,18.1000,17.7000,17.7000,0,0,0
ABC,20210305,17.1000,18.5000,17.1000,18.5000,57410,17.1000,18.5000,17.1000,18.5000,0,0,0
ABC,20210304,16.9000,17.3000,16.9000,17.3000,21600,16.9000,17.3000,16.9000,17.3000,0,0,0
ABC,20210303,17.1000,17.3000,17.0000,17.1000,11800,17.1000,17.3000,17.0000,17.1000,0,0,0
ABC,20210302,17.2000,17.3000,17.0000,17.1000,49005,17.2000,17.3000,17.0000,17.1000,0,0,0
ABC,20210301,17.0000,17.2000,17.0000,17.2000,40019,17.0000,17.2000,17.0000,17.2000,0,5000,0
ABC,20210226,16.9000,17.3000,16.8000,17.3000,37510,16.9000,17.3000,16.8000,17.3000,0,0,0
ABC,20210225,17.2000,17.2000,16.8000,17.0000,17500,17.2000,17.2000,16.8000,17.0000,0,0,0
ABC,20210224,17.0000,17.1000,16.6000,17.0000,29200,17.0000,17.1000,16.6000,17.0000,0,0,0
ABC,20210223,17.4000,17.4000,16.9000,17.0000,18527,17.4000,17.4000,16.9000,17.0000,0,0,0
ABC,20210222,17.0000,17.2000,16.9000,17.0000,29800,17.0000,17.2000,16.9000,17.0000,0,0,0
ABC,20210219,16.7000,17.0000,16.4000,17.0000,39000,16.7000,17.0000,16.4000,17.0000,0,6000,0
ABC,20210218,16.6000,16.7000,16.5000,16.7000,24300,16.6000,16.7000,16.5000,16.7000,0,0,0
ABC,20210217,16.3000,16.8000,16.0000,16.5000,23532,16.3000,16.8000,16.0000,16.5000,0,0,0
ABC,20210209,15.8000,17.0000,15.8000,17.0000,14400,15.8000,17.0000,15.8000,17.0000,0,0,0
ABC,20210208,16.0000,16.0000,15.8000,16.0000,23100,16.0000,16.0000,15.8000,16.0000,0,0,0
ABC,20210205,16.3000,16.3000,15.5000,16.0000,49410,16.3000,16.3000,15.5000,16.0000,0,0,40000
ABC,20210204,16.9000,16.9000,16.1000,16.1000,13400,16.9000,16.9000,16.1000,16.1000,0,0,0
ABC,20210203,16.0000,16.5000,15.6000,16.3000,26610,16.0000,16.5000,15.6000,16.3000,0,0,0
ABC,20210202,15.6000,16.5000,15.5000,16.2000,20771,15.6000,16.5000,15.5000,16.2000,0,0,0
ABC,20210201,16.0000,17.0000,15.9000,15.9000,10000,16.0000,17.0000,15.9000,15.9000,0,0,0
ABC,20210129,16.4000,17.3000,15.3000,16.9000,28700,16.4000,17.3000,15.3000,16.9000,0,0,0
ABC,20210128,16.9000,16.9000,14.6000,15.0000,224291,16.9000,16.9000,14.6000,15.0000,0,0,21800
ABC,20210127,17.2000,17.7000,16.8000,17.0000,61710,17.2000,17.7000,16.8000,17.0000,0,0,0
ABC,20210126,17.6000,17.6000,17.0000,17.2000,85820,17.6000,17.6000,17.0000,17.2000,0,0,0
ABC,20210125,17.6000,18.2000,17.6000,17.8000,32200,17.6000,18.2000,17.6000,17.8000,0,0,0
ABC,20210122,18.3000,18.3000,17.8000,18.0000,71800,18.3000,18.3000,17.8000,18.0000,0,0,0
ABC,20210121,18.2000,18.5000,18.1000,18.5000,34700,18.2000,18.5000,18.1000,18.5000,0,0,0
ABC,20210120,18.0000,18.1000,17.2000,17.7000,81536,18.0000,18.1000,17.2000,17.7000,0,0,0
ABC,20210119,19.6000,19.6000,16.7000,18.0000,71060,19.6000,19.6000,16.7000,18.0000,0,0,0
ABC,20210118,19.4000,19.9000,19.4000,19.5000,43950,19.4000,19.9000,19.4000,19.5000,0,0,0
ABC,20210115,18.5000,19.8000,18.5000,19.3000,97455,18.5000,19.8000,18.5000,19.3000,0,0,0
ABC,20210114,18.7000,18.7000,18.3000,18.5000,40350,18.7000,18.7000,18.3000,18.5000,0,0,0
ABC,20210113,18.6000,18.7000,18.5000,18.7000,51610,18.6000,18.7000,18.5000,18.7000,0,0,0
ABC,20210112,18.5000,18.7000,18.3000,18.6000,29600,18.5000,18.7000,18.3000,18.6000,0,0,0
ABC,20210111,18.3000,18.7000,18.3000,18.7000,54000,18.3000,18.7000,18.3000,18.7000,0,0,0
ABC,20210108,18.2000,18.5000,18.1000,18.5000,51200,18.2000,18.5000,18.1000,18.5000,0,0,0
ABC,20210107,18.1000,18.2000,17.9000,18.2000,30100,18.1000,18.2000,17.9000,18.2000,0,0,0
ABC,20210106,18.3000,18.5000,17.9000,18.0000,72000,18.3000,18.5000,17.9000,18.0000,0,0,0
ABC,20210105,18.6000,18.6000,18.1000,18.1000,59420,18.6000,18.6000,18.1000,18.1000,0,0,0
ABC,20210104,18.6000,19.0000,18.3000,18.6000,59100,18.6000,19.0000,18.3000,18.6000,0,0,0
ABC,20201231,18.4000,18.8000,18.3000,18.6000,38800,18.4000,18.8000,18.3000,18.6000,0,0,0
ABC,20201230,18.5000,19.2000,17.9000,18.5000,134510,18.5000,19.2000,17.9000,18.5000,0,0,0
ABC,20201229,19.5000,19.8000,17.1000,18.8000,95440,19.5000,19.8000,17.1000,18.8000,0,0,0
ABC,20201228,20.6000,20.6000,20.0000,20.0000,23000,20.6000,20.6000,20.0000,20.0000,0,0,0
ABC,20201225,19.6000,21.0000,19.6000,20.6000,108800,19.6000,21.0000,19.6000,20.6000,0,0,0
ABC,20201224,18.2000,20.0000,17.9000,19.6000,258079,18.2000,20.0000,17.9000,19.6000,0,0,0
ABC,20201223,18.4000,18.5000,18.3000,18.3000,26472,18.4000,18.5000,18.3000,18.3000,0,0,0
ABC,20201222,18.1000,18.4000,18.0000,18.3000,49300,18.1000,18.4000,18.0000,18.3000,0,0,0
ABC,20201221,17.4000,18.6000,17.4000,18.1000,61851,17.4000,18.6000,17.4000,18.1000,0,0,0
ABC,20201218,17.7000,17.7000,17.4000,17.4000,18400,17.7000,17.7000,17.4000,17.4000,0,5,0
ABC,20201217,17.7000,17.8000,17.6000,17.8000,7105,17.7000,17.8000,17.6000,17.8000,0,5,0
ABC,20201216,17.7000,17.9000,17.6000,17.7000,27300,17.7000,17.9000,17.6000,17.7000,0,0,0
ABC,20201215,17.5000,17.6000,17.4000,17.6000,7500,17.5000,17.6000,17.4000,17.6000,0,0,0
ABC,20201214,17.4000,17.9000,17.4000,17.5000,19651,17.4000,17.9000,17.4000,17.5000,0,0,0
ABC,20201211,17.0000,18.0000,17.0000,17.8000,31399,17.0000,18.0000,17.0000,17.8000,0,0,0
ABC,20201210,17.3000,17.4000,17.1000,17.1000,43560,17.3000,17.4000,17.1000,17.1000,0,0,0
ABC,20201209,17.5000,17.6000,17.3000,17.5000,22100,17.5000,17.6000,17.3000,17.5000,0,0,0
ABC,20201208,17.6000,17.9000,17.4000,17.4000,32310,17.6000,17.9000,17.4000,17.4000,0,0,0
ABC,20201207,18.2000,18.2000,17.6000,17.7000,42105,18.2000,18.2000,17.6000,17.7000,0,0,0
ABC,20201204,18.4000,18.4000,17.9000,18.3000,55219,18.4000,18.4000,17.9000,18.3000,0,0,0
ABC,20201203,17.6000,18.8000,17.6000,18.3000,45300,17.6000,18.8000,17.6000,18.3000,0,0,50
ABC,20201202,17.1000,17.8000,17.1000,17.8000,78100,17.1000,17.8000,17.1000,17.8000,0,0,0
ABC,20201201,16.5000,17.9000,16.3000,17.1000,64723,16.5000,17.9000,16.3000,17.1000,600,0,0
ABC,20201130,17.3000,17.4000,16.8000,17.0000,80800,17.3000,17.4000,16.8000,17.0000,0,0,0
ABC,20201127,17.6000,18.0000,17.2000,17.4000,39150,17.6000,18.0000,17.2000,17.4000,0,0,0
ABC,20201126,18.0000,18.0000,17.5000,17.7000,101703,18.0000,18.0000,17.5000,17.7000,600,0,0
ABC,20201125,18.0000,18.3000,18.0000,18.1000,13210,18.0000,18.3000,18.0000,18.1000,0,0,0
ABC,20201124,18.5000,18.5000,17.6000,18.5000,69300,18.5000,18.5000,17.6000,18.5000,0,0,0
ABC,20201123,18.0000,20.8000,17.4000,17.6000,87140,18.0000,20.8000,17.4000,17.6000,0,0,0
ABC,20201120,18.4000,18.5000,17.8000,18.0000,58125,18.4000,18.5000,17.8000,18.0000,0,0,0
ABC,20201119,18.8000,18.8000,18.1000,18.2000,87800,18.8000,18.8000,18.1000,18.2000,0,0,0
ABC,20201118,19.6000,19.7000,16.6000,19.3000,64747,19.6000,19.7000,16.6000,19.3000,600,0,0
ABC,20201117,19.6000,20.0000,18.9000,19.6000,116148,19.6000,20.0000,18.9000,19.6000,0,0,0
ABC,20201116,18.0000,19.6000,18.0000,19.5000,169700,18.0000,19.6000,18.0000,19.5000,0,500,0
ABC,20201113,17.8000,20.3000,16.6000,18.1000,90131,17.8000,20.3000,16.6000,18.1000,1700,0,0
ABC,20201112,17.0000,18.7000,17.0000,18.1000,166649,17.0000,18.7000,17.0000,18.1000,0,0,0
ABC,20201111,15.6000,16.5000,15.6000,16.5000,281802,15.6000,16.5000,15.6000,16.5000,0,0,500
ABC,20201110,14.0000,15.6000,13.9000,14.9000,282960,14.0000,15.6000,13.9000,14.9000,0,0,0
ABC,20201109,12.9000,14.2000,12.9000,13.6000,49940,12.9000,14.2000,12.9000,13.6000,0,0,0
ABC,20201106,12.7000,12.7000,12.6000,12.6000,2200,12.7000,12.7000,12.6000,12.6000,0,0,0
ABC,20201105,12.7000,12.9000,12.6000,12.6000,6140,12.7000,12.9000,12.6000,12.6000,0,0,0
ABC,20201104,12.8000,12.9000,12.5000,12.9000,26700,12.8000,12.9000,12.5000,12.9000,0,0,0
ABC,20201103,12.9000,13.0000,12.5000,12.8000,7200,12.9000,13.0000,12.5000,12.8000,0,0,0
ABC,20201102,12.6000,13.0000,12.6000,13.0000,11264,12.6000,13.0000,12.6000,13.0000,0,0,0
ABC,20201030,12.5000,12.5000,12.4000,12.4000,3800,12.5000,12.5000,12.4000,12.4000,0,0,0
ABC,20201029,12.6000,12.6000,12.3000,12.6000,18500,12.6000,12.6000,12.3000,12.6000,0,0,0
ABC,20201028,12.7000,12.8000,12.4000,12.4000,5000,12.7000,12.8000,12.4000,12.4000,0,0,0
ABC,20201027,12.9000,12.9000,12.6000,12.6000,29700,12.9000,12.9000,12.6000,12.6000,0,0,0
ABC,20201026,13.1000,13.1000,12.9000,13.0000,5200,13.1000,13.1000,12.9000,13.0000,0,0,0
ABC,20201023,13.1000,13.1000,13.0000,13.1000,19300,13.1000,13.1000,13.0000,13.1000,0,0,0
ABC,20201022,13.2000,13.2000,13.1000,13.1000,16023,13.2000,13.2000,13.1000,13.1000,0,0,0
ABC,20201021,13.2000,13.4000,13.1000,13.2000,21710,13.2000,13.4000,13.1000,13.2000,0,60,0
ABC,20201020,13.2000,13.3000,13.1000,13.1000,11200,13.2000,13.3000,13.1000,13.1000,0,300,0
ABC,20201019,13.4000,13.5000,13.2000,13.3000,18200,13.4000,13.5000,13.2000,13.3000,0,300,0
ABC,20201016,13.3000,13.5000,13.1000,13.3000,13000,13.3000,13.5000,13.1000,13.3000,0,6500,0
ABC,20201015,13.4000,13.4000,12.9000,13.4000,35520,13.4000,13.4000,12.9000,13.4000,0,6500,0
ABC,20201014,13.4000,13.5000,13.4000,13.4000,15000,13.4000,13.5000,13.4000,13.4000,0,400,0
ABC,20201013,13.7000,13.7000,13.4000,13.4000,6300,13.7000,13.7000,13.4000,13.4000,0,12700,0
ABC,20201012,13.3000,14.1000,13.3000,13.6000,22533,13.3000,14.1000,13.3000,13.6000,0,12700,0
ABC,20201009,13.5000,13.6000,13.3000,13.5000,35799,13.5000,13.6000,13.3000,13.5000,0,1500,0
ABC,20201008,13.7000,13.7000,13.5000,13.5000,14541,13.7000,13.7000,13.5000,13.5000,0,1500,0
ABC,20201007,13.8000,13.9000,13.6000,13.6000,9648,13.8000,13.9000,13.6000,13.6000,0,5600,0
ABC,20201006,13.7000,14.3000,13.5000,13.8000,79030,13.7000,14.3000,13.5000,13.8000,0,20500,0
ABC,20201005,13.0000,14.5000,13.0000,13.6000,53651,13.0000,14.5000,13.0000,13.6000,0,26500,0
ABC,20201002,12.9000,13.2000,12.8000,12.8000,24850,12.9000,13.2000,12.8000,12.8000,0,0,0
ABC,20201001,13.1000,13.2000,13.0000,13.0000,25700,13.1000,13.2000,13.0000,13.0000,0,0,0
ABC,20200930,12.7000,12.9000,12.7000,12.9000,36520,12.7000,12.9000,12.7000,12.9000,0,0,0
ABC,20200929,13.0000,13.2000,12.9000,12.9000,19134,13.0000,13.2000,12.9000,12.9000,0,0,0
ABC,20200928,12.7000,13.2000,12.6000,13.2000,31620,12.7000,13.2000,12.6000,13.2000,0,0,0
ABC,20200925,12.9000,12.9000,12.4000,12.6000,68421,12.9000,12.9000,12.4000,12.6000,0,0,0
ABC,20200924,13.1000,13.1000,12.7000,12.8000,51446,13.1000,13.1000,12.7000,12.8000,0,0,0
ABC,20200923,13.2000,13.3000,13.2000,13.3000,19120,13.2000,13.3000,13.2000,13.3000,0,0,0
ABC,20200922,13.4000,13.4000,13.2000,13.2000,18624,13.4000,13.4000,13.2000,13.2000,0,0,0
ABC,20200921,13.6000,13.6000,13.3000,13.3000,7726,13.6000,13.6000,13.3000,13.3000,0,0,0
ABC,20200918,13.7000,13.8000,13.7000,13.7000,27200,13.7000,13.8000,13.7000,13.7000,0,0,0
ABC,20200917,13.3000,13.9000,13.3000,13.6000,29973,13.3000,13.9000,13.3000,13.6000,0,0,0
ABC,20200916,13.4000,13.4000,13.3000,13.3000,310,13.4000,13.4000,13.3000,13.3000,0,0,0
ABC,20200915,13.6000,13.6000,13.2000,13.2000,37410,13.6000,13.6000,13.2000,13.2000,0,500,0
ABC,20200914,13.2000,13.9000,13.2000,13.5000,45040,13.2000,13.9000,13.2000,13.5000,0,0,0
ABC,20200911,13.3000,13.4000,13.3000,13.4000,7910,13.3000,13.4000,13.3000,13.4000,0,0,0
ABC,20200910,13.3000,13.5000,13.2000,13.3000,27940,13.3000,13.5000,13.2000,13.3000,0,0,0
ABC,20200909,13.6000,13.6000,13.0000,13.3000,29763,13.6000,13.6000,13.0000,13.3000,0,0,77360
ABC,20200908,13.6000,13.6000,11.6000,13.4000,18460,13.6000,13.6000,11.6000,13.4000,77360,0,77360
ABC,20200907,13.3000,13.8000,13.3000,13.7000,19210,13.3000,13.8000,13.3000,13.7000,0,0,0
ABC,20200904,13.0000,13.5000,13.0000,13.4000,37113,13.0000,13.5000,13.0000,13.4000,0,0,0
ABC,20200903,13.6000,13.6000,13.5000,13.5000,20541,13.6000,13.6000,13.5000,13.5000,0,0,0
ABC,20200901,13.9000,13.9000,13.6000,13.6000,69960,13.9000,13.9000,13.6000,13.6000,0,0,0
ABC,20200831,13.8000,14.0000,13.7000,13.8000,48900,13.8000,14.0000,13.7000,13.8000,0,0,0
ABC,20200828,14.1000,14.1000,13.5000,14.0000,25700,14.1000,14.1000,13.5000,14.0000,0,0,0
ABC,20200827,13.9000,14.6000,13.8000,14.0000,42785,13.9000,14.6000,13.8000,14.0000,0,0,0
ABC,20200826,14.2000,14.2000,13.7000,14.0000,27221,14.2000,14.2000,13.7000,14.0000,0,0,0
ABC,20200825,14.8000,14.8000,14.0000,14.0000,54901,14.8000,14.8000,14.0000,14.0000,0,0,0
ABC,20200824,13.4000,15.1000,13.4000,14.9000,182970,13.4000,15.1000,13.4000,14.9000,0,0,0
ABC,20200821,13.4000,13.5000,13.2000,13.4000,23890,13.4000,13.5000,13.2000,13.4000,0,0,0
ABC,20200820,13.6000,13.6000,12.3000,13.6000,43933,13.6000,13.6000,12.3000,13.6000,0,0,0
ABC,20200819,13.0000,13.7000,13.0000,13.6000,42555,13.0000,13.7000,13.0000,13.6000,0,0,0
ABC,20200818,14.3000,14.3000,13.2000,13.3000,79960,14.3000,14.3000,13.2000,13.3000,0,0,0
ABC,20200817,14.5000,15.0000,13.1000,14.1000,115428,14.5000,15.0000,13.1000,14.1000,0,0,0
ABC,20200814,12.5000,13.2000,12.5000,13.2000,123510,12.5000,13.2000,12.5000,13.2000,0,0,0
ABC,20200813,10.8000,11.9000,10.8000,11.9000,114615,10.8000,11.9000,10.8000,11.9000,0,0,0
ABC,20200812,10.3000,10.9000,10.1000,10.8000,51900,10.3000,10.9000,10.1000,10.8000,0,0,0
ABC,20200811,10.4000,10.5000,10.2000,10.5000,15310,10.4000,10.5000,10.2000,10.5000,0,0,0
ABC,20200810,10.4000,11.6000,10.2000,10.6000,40808,10.4000,11.6000,10.2000,10.6000,0,0,0
ABC,20200807,10.2000,10.4000,10.2000,10.2000,12400,10.2000,10.4000,10.2000,10.2000,0,0,0
ABC,20200806,10.0000,10.4000,10.0000,10.3000,24400,10.0000,10.4000,10.0000,10.3000,0,0,0
ABC,20200805,10.2000,10.2000,10.0000,10.0000,28200,10.2000,10.2000,10.0000,10.0000,0,0,0
ABC,20200804,10.2000,10.4000,9.8000,10.1000,19500,10.2000,10.4000,9.8000,10.1000,0,0,0
ABC,20200803,9.8000,10.2000,9.8000,10.0000,13700,9.8000,10.2000,9.8000,10.0000,0,0,0
ABC,20200731,9.6000,10.1000,9.6000,9.9000,28300,9.6000,10.1000,9.6000,9.9000,0,0,0
ABC,20200730,9.8000,9.9000,9.8000,9.8000,17200,9.8000,9.9000,9.8000,9.8000,0,0,0
ABC,20200729,9.7000,9.8000,9.5000,9.8000,4120,9.7000,9.8000,9.5000,9.8000,0,0,0
ABC,20200728,9.5000,10.0000,9.5000,9.8000,50400,9.5000,10.0000,9.5000,9.8000,0,0,0
ABC,20200727,10.4000,10.4000,9.2000,9.7000,22300,10.4000,10.4000,9.2000,9.7000,0,0,0
ABC,20200724,11.0000,11.0000,10.3000,10.3000,14900,11.0000,11.0000,10.3000,10.3000,0,0,0
ABC,20200723,11.0000,11.0000,10.6000,10.6000,18800,11.0000,11.0000,10.6000,10.6000,0,0,0
ABC,20200722,9.9000,11.0000,9.9000,11.0000,40100,9.9000,11.0000,9.9000,11.0000,0,0,0
ABC,20200720,9.7000,9.8000,9.7000,9.8000,2401,9.7000,9.8000,9.7000,9.8000,0,0,0
ABC,20200717,9.8000,9.8000,9.8000,9.8000,19620,9.8000,9.8000,9.8000,9.8000,0,0,0
ABC,20200716,9.8000,9.8000,9.7000,9.7000,1000,9.8000,9.8000,9.7000,9.7000,0,0,0
ABC,20200715,10.0000,10.0000,9.9000,9.9000,17400,10.0000,10.0000,9.9000,9.9000,0,0,0
ABC,20200714,9.8000,10.0000,9.8000,9.9000,5300,9.8000,10.0000,9.8000,9.9000,0,0,0
ABC,20200713,9.9000,9.9000,9.9000,9.9000,2020,9.9000,9.9000,9.9000,9.9000,0,0,0
ABC,20200710,10.0000,10.2000,9.6000,10.0000,14300,10.0000,10.2000,9.6000,10.0000,0,0,0
ABC,20200709,10.0000,10.2000,9.9000,10.2000,2900,10.0000,10.2000,9.9000,10.2000,0,0,0
ABC,20200708,9.8000,10.5000,9.0000,10.0000,15100,9.8000,10.5000,9.0000,10.0000,0,0,0
ABC,20200707,9.6807,9.6807,9.4997,9.4997,32410,10.7000,10.7000,10.5000,10.5000,0,0,0
ABC,20200706,9.7711,9.8616,9.5902,9.5902,15100,10.8000,10.9000,10.6000,10.6000,0,0,0
ABC,20200703,9.9520,9.9520,9.7711,9.7711,4210,11.0000,11.0000,10.8000,10.8000,0,0,0
ABC,20200702,9.4092,9.8616,9.4092,9.7711,14320,10.4000,10.9000,10.4000,10.8000,0,0,0
ABC,20200701,9.4092,9.4092,9.4092,9.4092,5200,10.4000,10.4000,10.4000,10.4000,0,0,0
ABC,20200630,9.4092,9.4092,9.3187,9.3187,5431,10.4000,10.4000,10.3000,10.3000,0,0,0
ABC,20200629,9.4092,9.4092,9.4092,9.4092,7701,10.4000,10.4000,10.4000,10.4000,0,81,0
ABC,20200626,9.4092,9.4997,9.4092,9.4092,20300,10.4000,10.5000,10.4000,10.4000,0,0,0
ABC,20200625,9.3187,9.4092,9.3187,9.4092,1000,10.3000,10.4000,10.3000,10.4000,0,0,0
ABC,20200624,9.3187,9.3187,9.3187,9.3187,2500,10.3000,10.3000,10.3000,10.3000,0,0,0
ABC,20200623,9.3187,9.3187,9.3187,9.3187,8000,10.3000,10.3000,10.3000,10.3000,0,0,0
ABC,20200622,9.4996,9.4996,9.4092,9.4092,1159,10.5000,10.5000,10.4000,10.4000,0,0,0
ABC,20200619,9.3188,9.3188,9.3188,9.3187,100,10.3000,10.3000,10.3000,10.3000,0,0,0
ABC,20200618,9.2283,9.2283,9.2283,9.2283,4000,10.2000,10.2000,10.2000,10.2000,0,0,0
ABC,20200617,9.3188,9.3188,9.2283,9.2283,3801,10.3000,10.3000,10.2000,10.2000,0,0,0
ABC,20200615,9.3187,9.3187,9.2282,9.3187,47058,10.3000,10.3000,10.2000,10.3000,0,0,0
ABC,20200612,9.4997,9.4997,9.2283,9.3187,14900,10.5000,10.5000,10.2000,10.3000,0,0,0
ABC,20200611,9.4092,9.4092,9.4092,9.4092,7600,10.4000,10.4000,10.4000,10.4000,0,0,0
ABC,20200610,9.4092,9.4092,9.4092,9.4092,1050,10.4000,10.4000,10.4000,10.4000,0,0,0
ABC,20200609,9.3187,9.7711,9.3187,9.3187,30500,10.3000,10.8000,10.3000,10.3000,0,0,0
ABC,20200608,9.3188,9.4092,9.3188,9.4092,5426,10.3000,10.4000,10.3000,10.4000,0,0,0
ABC,20200605,9.2283,9.2283,9.2283,9.2283,11770,10.2000,10.2000,10.2000,10.2000,0,0,0
ABC,20200604,9.2283,9.4997,9.2283,9.2283,22720,10.2000,10.5000,10.2000,10.2000,0,0,0
ABC,20200603,9.4092,9.4092,9.2283,9.2283,7515,10.4000,10.4000,10.2000,10.2000,0,0,0
ABC,20200602,9.2283,9.2283,9.1378,9.1378,1309,10.2000,10.2000,10.1000,10.1000,0,9,0
ABC,20200601,9.1378,9.4997,9.1378,9.2283,2020,10.1000,10.5000,10.1000,10.2000,0,0,0
ABC,20200529,9.2283,9.2283,9.1378,9.1378,7015,10.2000,10.2000,10.1000,10.1000,0,0,0
ABC,20200528,9.2282,9.4092,9.1378,9.4092,4510,10.2000,10.4000,10.1000,10.4000,0,0,0
ABC,20200527,9.0474,9.3188,9.0474,9.3187,2310,10.0000,10.3000,10.0000,10.3000,0,0,0
ABC,20200526,9.4997,9.4997,9.2283,9.2283,6600,10.5000,10.5000,10.2000,10.2000,0,0,0
ABC,20200525,9.2282,9.4996,9.2282,9.2283,1030,10.2000,10.5000,10.2000,10.2000,0,0,0
ABC,20200522,9.2282,9.3187,9.1378,9.3187,6000,10.2000,10.3000,10.1000,10.3000,0,0,0
ABC,20200521,9.3187,9.3187,9.3187,9.3187,810,10.3000,10.3000,10.3000,10.3000,0,0,0
ABC,20200520,9.3187,9.4996,9.3187,9.3187,4600,10.3000,10.5000,10.3000,10.3000,0,0,0
ABC,20200519,9.4997,9.4997,9.3187,9.3187,1248,10.5000,10.5000,10.3000,10.3000,0,0,0
ABC,20200518,9.4997,9.4997,9.0473,9.0473,4750,10.5000,10.5000,10.0000,10.0000,0,0,0
ABC,20200515,9.3188,9.4997,8.9569,9.4997,17000,10.3000,10.5000,9.9000,10.5000,0,0,0
ABC,20200514,9.4997,9.4997,8.6854,9.4997,4215,10.5000,10.5000,9.6000,10.5000,0,0,0
ABC,20200513,9.4997,9.4997,9.4997,9.4997,6900,10.5000,10.5000,10.5000,10.5000,0,0,0
ABC,20200512,8.9568,9.8616,8.9568,9.4997,52380,9.9000,10.9000,9.9000,10.5000,0,0,0
ABC,20200511,8.9569,8.9569,8.6855,8.7759,3620,9.9000,9.9000,9.6000,9.7000,0,0,0
ABC,20200508,8.5045,8.5950,8.4141,8.5950,6300,9.4000,9.5000,9.3000,9.5000,0,0,0
ABC,20200507,8.6854,8.6854,8.5045,8.5950,15100,9.6000,9.6000,9.4000,9.5000,0,0,0
ABC,20200506,8.6854,8.6854,8.6854,8.6854,9400,9.6000,9.6000,9.6000,9.6000,0,0,0
ABC,20200505,8.6854,8.7759,8.6854,8.7759,4800,9.6000,9.7000,9.6000,9.7000,0,0,0
ABC,20200504,8.8663,8.8663,8.5949,8.7759,8810,9.8000,9.8000,9.5000,9.7000,0,0,0
ABC,20200429,8.6854,8.6854,8.6854,8.6854,400,9.6000,9.6000,9.6000,9.6000,0,0,0
ABC,20200428,8.7759,8.7759,8.6854,8.7759,17700,9.7000,9.7000,9.6000,9.7000,0,0,0
ABC,20200427,8.7759,8.7759,8.5950,8.6854,7000,9.7000,9.7000,9.5000,9.6000,0,0,0
ABC,20200424,8.7759,8.7759,8.7759,8.7759,1450,9.7000,9.7000,9.7000,9.7000,0,0,0
ABC,20200423,8.7759,8.7759,8.6854,8.7759,3800,9.7000,9.7000,9.6000,9.7000,0,0,0
ABC,20200422,8.6855,8.7759,8.6855,8.6854,16810,9.6000,9.7000,9.6000,9.6000,0,0,0
ABC,20200421,8.5950,8.7759,8.5045,8.5950,34000,9.5000,9.7000,9.4000,9.5000,0,0,0
ABC,20200420,8.2331,8.5950,8.2331,8.5045,11900,9.1000,9.5000,9.1000,9.4000,0,0,0
ABC,20200417,8.5949,8.6854,8.5045,8.5045,3800,9.5000,9.6000,9.4000,9.4000,0,0,0
ABC,20200416,8.2331,8.4140,8.2331,8.4140,300,9.1000,9.3000,9.1000,9.3000,0,0,0
ABC,20200415,8.2331,8.2331,8.2331,8.2331,5500,9.1000,9.1000,9.1000,9.1000,0,0,0
ABC,20200414,8.4140,8.5045,8.4140,8.5045,3300,9.3000,9.4000,9.3000,9.4000,0,0,0
ABC,20200413,8.4141,8.4141,8.4141,8.4140,3100,9.3000,9.3000,9.3000,9.3000,0,0,0
ABC,20200410,8.2331,8.5950,8.2331,8.5950,3300,9.1000,9.5000,9.1000,9.5000,0,0,0
ABC,20200409,8.0521,8.5949,7.9616,8.5950,16000,8.9000,9.5000,8.8000,9.5000,0,0,0
ABC,20200408,7.7807,8.0521,7.7807,8.0521,10105,8.6000,8.9000,8.6000,8.9000,0,0,0
ABC,20200407,7.9616,7.9616,7.7807,7.9616,35300,8.8000,8.8000,8.6000,8.8000,0,0,0
ABC,20200406,7.5093,7.9617,7.5093,7.9616,8310,8.3000,8.8000,8.3000,8.8000,0,0,0
ABC,20200403,7.3283,8.1426,7.3283,8.1426,3100,8.1000,9.0000,8.1000,9.0000,0,0,0
ABC,20200401,7.2379,7.4188,7.1474,7.4188,5500,8.0000,8.2000,7.9000,8.2000,0,0,0
ABC,20200331,7.4188,7.4188,7.1474,7.1474,4000,8.2000,8.2000,7.9000,7.9000,0,0,0
ABC,20200330,7.5997,7.5997,7.2378,7.3283,7310,8.4000,8.4000,8.0000,8.1000,0,100,0
ABC,20200327,7.5093,7.7807,7.5093,7.6902,2100,8.3000,8.6000,8.3000,8.5000,0,0,0
ABC,20200326,7.7807,7.7807,7.7807,7.7807,600,8.6000,8.6000,8.6000,8.6000,0,0,0
ABC,20200325,7.8712,7.8712,7.0569,7.8712,5400,8.7000,8.7000,7.8000,8.7000,0,0,0
ABC,20200324,7.7807,7.7807,7.7807,7.7807,200,8.6000,8.6000,8.6000,8.6000,0,0,0
ABC,20200323,7.9616,7.9616,7.3283,7.3283,12510,8.8000,8.8000,8.1000,8.1000,0,10,0
ABC,20200320,7.9616,7.9616,7.9616,7.9616,12705,8.8000,8.8000,8.8000,8.8000,0,0,0
ABC,20200319,7.9616,7.9616,7.9616,7.9616,7400,8.8000,8.8000,8.8000,8.8000,0,0,0
ABC,20200318,7.8711,8.0521,7.7807,8.0521,11800,8.7000,8.9000,8.6000,8.9000,0,0,0
ABC,20200317,8.0521,8.0521,7.6902,7.6902,25505,8.9000,8.9000,8.5000,8.5000,0,0,0
ABC,20200316,7.9616,7.9616,7.9616,7.9616,500,8.8000,8.8000,8.8000,8.8000,0,0,0
ABC,20200313,7.9616,7.9616,7.7807,7.9616,13400,8.8000,8.8000,8.6000,8.8000,0,0,0
ABC,20200312,8.1426,8.1426,7.8712,7.9616,26905,9.0000,9.0000,8.7000,8.8000,0,0,200
ABC,20200311,8.2330,8.2330,8.0521,8.0521,12100,9.1000,9.1000,8.9000,8.9000,0,0,0
ABC,20200310,8.1426,8.3235,8.1426,8.3235,2750,9.0000,9.2000,9.0000,9.2000,0,0,0
ABC,20200309,8.5045,8.5045,8.1426,8.1426,35800,9.4000,9.4000,9.0000,9.0000,0,0,0
ABC,20200306,8.4140,8.6854,7.6902,8.6854,18100,9.3000,9.6000,8.5000,9.6000,0,0,0
ABC,20200305,8.5950,8.7759,8.5950,8.6854,7909,9.5000,9.7000,9.5000,9.6000,0,0,0
ABC,20200304,8.5045,8.5950,8.4140,8.5950,14000,9.4000,9.5000,9.3000,9.5000,0,0,0
ABC,20200303,8.5045,8.5045,8.5045,8.5045,3500,9.4000,9.4000,9.4000,9.4000,0,0,0
ABC,20200302,8.5045,8.5045,8.5045,8.5045,1000,9.4000,9.4000,9.4000,9.4000,0,0,0
ABC,20200228,8.5045,8.5045,8.3236,8.5045,5700,9.4000,9.4000,9.2000,9.4000,0,0,0
ABC,20200227,8.5950,8.5950,8.5045,8.5950,11500,9.5000,9.5000,9.4000,9.5000,0,0,0
ABC,20200226,8.5045,8.5950,8.5045,8.5950,2100,9.4000,9.5000,9.4000,9.5000,0,0,0
ABC,20200225,8.5950,8.5950,8.5045,8.5950,1617,9.5000,9.5000,9.4000,9.5000,0,0,0
ABC,20200224,8.6854,8.6854,8.5045,8.5950,7230,9.6000,9.6000,9.4000,9.5000,0,0,0
ABC,20200221,8.5045,8.6854,8.5045,8.6854,2000,9.4000,9.6000,9.4000,9.6000,0,0,0
ABC,20200220,8.5950,8.7759,8.5045,8.5045,2600,9.5000,9.7000,9.4000,9.4000,0,0,0
ABC,20200219,8.5045,8.5950,8.5045,8.5950,2700,9.4000,9.5000,9.4000,9.5000,0,0,0
ABC,20200218,8.5045,8.5045,8.5045,8.5045,3000,9.4000,9.4000,9.4000,9.4000,0,0,0
ABC,20200217,8.5950,8.5950,8.5950,8.5950,7900,9.5000,9.5000,9.5000,9.5000,0,0,0
ABC,20200214,8.5045,8.5950,8.5045,8.5950,4100,9.4000,9.5000,9.4000,9.5000,0,0,0
ABC,20200213,8.8664,8.8664,8.8664,8.8664,100,9.8000,9.8000,9.8000,9.8000,0,0,0
ABC,20200212,8.5045,8.7759,8.3236,8.7759,29400,9.4000,9.7000,9.2000,9.7000,0,0,0
ABC,20200211,8.5950,8.5950,8.5045,8.5950,5300,9.5000,9.5000,9.4000,9.5000,0,0,0
ABC,20200210,8.6855,8.6855,8.5045,8.5045,4320,9.6000,9.6000,9.4000,9.4000,0,0,0
ABC,20200207,8.8663,9.0473,8.8663,8.8664,5200,9.8000,10.0000,9.8000,9.8000,0,0,0
ABC,20200206,8.6854,8.6854,8.6854,8.6854,3800,9.6000,9.6000,9.6000,9.6000,0,0,0
ABC,20200205,8.5949,8.6854,8.5949,8.6854,13605,9.5000,9.6000,9.5000,9.6000,0,0,0
ABC,20200204,8.5045,8.6854,8.5045,8.6854,8741,9.4000,9.6000,9.4000,9.6000,0,0,0
ABC,20200203,8.7759,8.7759,8.1426,8.7759,27200,9.7000,9.7000,9.0000,9.7000,0,0,0
ABC,20200131,8.8663,8.8663,8.7759,8.7759,7100,9.8000,9.8000,9.7000,9.7000,0,0,0
ABC,20200130,8.8664,9.0473,8.7759,8.9568,140000,9.8000,10.0000,9.7000,9.9000,0,0,0
ABC,20200122,9.0473,9.0473,9.0473,9.0473,1300,10.0000,10.0000,10.0000,10.0000,0,0,0
ABC,20200121,9.6806,9.6806,8.8664,8.8664,5500,10.7000,10.7000,9.8000,9.8000,0,0,0
ABC,20200120,8.7759,8.8664,8.7759,8.7759,22100,9.7000,9.8000,9.7000,9.7000,0,0,0
ABC,20200117,8.7759,8.7759,8.7759,8.7759,3030,9.7000,9.7000,9.7000,9.7000,0,0,0
ABC,20200116,8.8664,8.8664,8.7759,8.7759,2900,9.8000,9.8000,9.7000,9.7000,0,0,0
ABC,20200115,8.8664,8.8664,8.8664,8.8664,100,9.8000,9.8000,9.8000,9.8000,0,0,0
ABC,20200114,8.8664,8.8664,8.7759,8.7759,3210,9.8000,9.8000,9.7000,9.7000,0,0,0
ABC,20200113,8.8664,8.8664,8.8664,8.8664,4700,9.8000,9.8000,9.8000,9.8000,0,0,0
ABC,20200109,8.7759,8.8664,8.7759,8.8664,10800,9.7000,9.8000,9.7000,9.8000,0,0,0
ABC,20200108,8.9569,8.9569,8.7759,8.7759,38100,9.9000,9.9000,9.7000,9.7000,0,0,0
ABC,20200107,8.8664,8.8664,8.8664,8.8664,200,9.8000,9.8000,9.8000,9.8000,0,0,0
ABC,20200106,8.9568,9.5902,8.9568,9.5902,16005,9.9000,10.6000,9.9000,10.6000,0,0,0
ABC,20200103,8.7759,8.8664,8.7759,8.7759,2500,9.7000,9.8000,9.7000,9.7000,0,0,0
ABC,20200102,8.8664,8.8664,8.7759,8.7759,3600,9.8000,9.8000,9.7000,9.7000,0,0,0
ABC,20191231,8.8664,8.8664,8.8664,8.8664,300,9.8000,9.8000,9.8000,9.8000,0,0,0
ABC,20191230,9.2282,9.2282,9.2282,9.2283,100,10.2000,10.2000,10.2000,10.2000,0,0,0
ABC,20191227,8.8664,8.9569,8.8664,8.9568,2100,9.8000,9.9000,9.8000,9.9000,0,0,0
ABC,20191226,8.9569,8.9569,8.8664,8.8664,1700,9.9000,9.9000,9.8000,9.8000,0,0,0
ABC,20191224,8.8663,8.9568,8.8663,8.9568,1000,9.8000,9.9000,9.8000,9.9000,0,0,0
ABC,20191223,9.5902,9.6807,9.5902,9.6806,300,10.6000,10.7000,10.6000,10.7000,0,0,0
ABC,20191220,8.8663,8.8663,8.7759,8.8664,1100,9.8000,9.8000,9.7000,9.8000,0,0,0
ABC,20191219,8.9568,8.9568,8.9568,8.9568,10600,9.9000,9.9000,9.9000,9.9000,0,0,0
ABC,20191218,8.9568,9.0473,8.9568,8.9568,8400,9.9000,10.0000,9.9000,9.9000,0,0,0
ABC,20191217,8.9568,8.9568,8.9568,8.9568,12100,9.9000,9.9000,9.9000,9.9000,0,0,0
ABC,20191216,8.9569,8.9569,8.9569,8.9568,1517,9.9000,9.9000,9.9000,9.9000,0,0,0
ABC,20191213,8.9568,8.9568,8.8663,8.8664,3003,9.9000,9.9000,9.8000,9.8000,0,0,0
ABC,20191212,8.9569,8.9569,8.9569,8.9568,5900,9.9000,9.9000,9.9000,9.9000,0,0,0
ABC,20191211,8.8664,8.8664,8.8664,8.8664,4212,9.8000,9.8000,9.8000,9.8000,0,0,0
ABC,20191210,8.8664,8.8664,8.8664,8.8664,1710,9.8000,9.8000,9.8000,9.8000,0,0,0
ABC,20191209,8.7759,8.7759,8.7759,8.7759,100,9.7000,9.7000,9.7000,9.7000,0,0,0
ABC,20191206,8.8664,8.8664,8.6855,8.6854,9800,9.8000,9.8000,9.6000,9.6000,0,0,0
ABC,20191205,8.8664,8.8664,8.8664,8.8664,2600,9.8000,9.8000,9.8000,9.8000,0,0,0
ABC,20191204,8.9568,8.9568,8.7759,8.7759,3100,9.9000,9.9000,9.7000,9.7000,0,0,0
ABC,20191203,8.8664,8.9568,8.8664,8.9568,28037,9.8000,9.9000,9.8000,9.9000,0,0,0
ABC,20191129,9.0473,9.0473,9.0473,9.0473,1425,10.0000,10.0000,10.0000,10.0000,0,0,0
ABC,20191128,8.5950,9.0473,8.5950,9.0473,9905,9.5000,10.0000,9.5000,10.0000,0,0,0
ABC,20191127,8.8663,8.9568,8.8663,8.8664,1900,9.8000,9.9000,9.8000,9.8000,0,0,0
ABC,20191126,8.9568,8.9568,8.9568,8.9568,1500,9.9000,9.9000,9.9000,9.9000,0,0,0
ABC,20191125,8.6854,8.6854,8.6854,8.6854,2900,9.6000,9.6000,9.6000,9.6000,0,0,0
ABC,20191122,8.6854,8.6854,8.6854,8.6854,1367,9.6000,9.6000,9.6000,9.6000,0,0,0
ABC,20191121,8.6855,8.7759,8.6855,8.7759,1100,9.6000,9.7000,9.6000,9.7000,0,0,0
ABC,20191120,8.6854,8.8663,8.5949,8.8664,26601,9.6000,9.8000,9.5000,9.8000,0,0,0
ABC,20191119,8.6854,8.6854,8.6854,8.6854,1000,9.6000,9.6000,9.6000,9.6000,0,0,0
ABC,20191118,8.7759,8.7759,8.6854,8.6854,17200,9.7000,9.7000,9.6000,9.6000,0,0,0
ABC,20191115,8.7759,8.7759,8.7759,8.7759,4200,9.7000,9.7000,9.7000,9.7000,0,0,0
ABC,20191114,8.8664,8.8664,8.7759,8.7759,2701,9.8000,9.8000,9.7000,9.7000,0,0,0
ABC,20191113,8.8663,8.8663,8.8663,8.8664,4600,9.8000,9.8000,9.8000,9.8000,0,0,0
ABC,20191112,8.8664,9.0473,8.8664,8.9568,8200,9.8000,10.0000,9.8000,9.9000,0,0,0
ABC,20191111,8.7759,8.7759,8.6854,8.7759,6250,9.7000,9.7000,9.6000,9.7000,0,0,0
ABC,20191108,8.7759,9.0473,8.7759,9.0473,1500,9.7000,10.0000,9.7000,10.0000,0,0,0
ABC,20191107,8.8664,8.8664,8.7759,8.7759,24800,9.8000,9.8000,9.7000,9.7000,0,0,0
ABC,20191106,9.0473,9.0473,8.7759,8.8664,4170,10.0000,10.0000,9.7000,9.8000,0,0,0
ABC,20191105,8.6855,9.0474,8.6855,9.0473,34400,9.6000,10.0000,9.6000,10.0000,0,0,0
ABC,20191104,8.8664,8.8664,8.5950,8.5950,3355,9.8000,9.8000,9.5000,9.5000,0,0,0
ABC,20191101,9.0473,9.0473,8.6854,8.7759,24410,10.0000,10.0000,9.6000,9.7000,0,0,0
ABC,20191031,8.7759,9.1378,8.7759,9.1378,3100,9.7000,10.1000,9.7000,10.1000,0,0,0
ABC,20191030,8.8664,9.2282,8.7759,8.8664,7238,9.8000,10.2000,9.7000,9.8000,0,0,0
ABC,20191029,8.9568,9.4092,8.7759,9.0473,6700,9.9000,10.4000,9.7000,10.0000,0,0,0
ABC,20191028,9.3188,9.3188,9.0473,9.0473,29187,10.3000,10.3000,10.0000,10.0000,0,0,0
ABC,20191025,9.0473,9.4997,9.0473,9.4997,9310,10.0000,10.5000,10.0000,10.5000,0,0,0
ABC,20191024,9.1378,9.6807,9.1378,9.4092,24016,10.1000,10.7000,10.1000,10.4000,0,0,0
ABC,20191023,9.9521,9.9521,9.1378,9.2283,12157,11.0000,11.0000,10.1000,10.2000,0,0,0
ABC,20191022,10.4949,10.6759,9.5902,9.8616,116152,11.6000,11.8000,10.6000,10.9000,0,0,0
ABC,20191021,8.3235,9.5902,8.3235,9.5902,79375,9.2000,10.6000,9.2000,10.6000,0,0,0
ABC,20191018,8.4140,8.4140,8.4140,8.4140,1380,9.3000,9.3000,9.3000,9.3000,0,0,0
ABC,20191017,8.4140,8.4140,8.4140,8.4140,100,9.3000,9.3000,9.3000,9.3000,0,0,0
ABC,20191016,8.5045,8.5045,8.4140,8.4140,3300,9.4000,9.4000,9.3000,9.3000,0,0,0
ABC,20191015,8.5045,8.5045,8.4140,8.4140,4400,9.4000,9.4000,9.3000,9.3000,0,0,0
ABC,20191014,8.4140,8.5045,8.4140,8.5045,11600,9.3000,9.4000,9.3000,9.4000,0,0,0
ABC,20191011,8.5045,8.5045,8.4140,8.4140,3000,9.4000,9.4000,9.3000,9.3000,0,0,0
ABC,20191010,8.5045,8.5045,8.4140,8.4140,1100,9.4000,9.4000,9.3000,9.3000,0,0,0
ABC,20191009,8.4140,8.5044,8.4140,8.5045,1100,9.3000,9.4000,9.3000,9.4000,0,0,0
ABC,20191008,8.5045,8.5045,8.3235,8.3235,2115,9.4000,9.4000,9.2000,9.2000,0,0,0
ABC,20191007,8.4140,8.4140,8.3236,8.4140,3200,9.3000,9.3000,9.2000,9.3000,0,0,0
ABC,20191004,8.5045,8.5045,8.5045,8.5045,1900,9.4000,9.4000,9.4000,9.4000,0,0,0
ABC,20191003,8.5045,8.5045,8.3236,8.4140,4500,9.4000,9.4000,9.2000,9.3000,0,0,0
ABC,20191002,8.5045,8.5950,8.5045,8.5950,2421,9.4000,9.5000,9.4000,9.5000,0,0,0
ABC,20191001,8.5045,8.5950,8.5045,8.5950,5700,9.4000,9.5000,9.4000,9.5000,0,0,0
ABC,20190930,8.5045,8.6855,8.5045,8.5950,6500,9.4000,9.6000,9.4000,9.5000,0,0,0
ABC,20190927,8.6854,8.6854,8.4140,8.5950,5100,9.6000,9.6000,9.3000,9.5000,2000,0,0
ABC,20190926,8.6854,8.6854,8.6854,8.6854,6350,9.6000,9.6000,9.6000,9.6000,0,0,0
ABC,20190925,8.6854,8.7759,8.4140,8.5045,58834,9.6000,9.7000,9.3000,9.4000,0,0,0
ABC,20190924,8.6855,8.6855,8.5950,8.6854,2120,9.6000,9.6000,9.5000,9.6000,0,0,0
ABC,20190923,8.8663,8.8663,8.5949,8.5950,63300,9.8000,9.8000,9.5000,9.5000,0,0,0
ABC,20190920,8.7759,8.8664,8.6855,8.6854,19600,9.7000,9.8000,9.6000,9.6000,0,0,0
ABC,20190919,8.8663,8.8663,8.8663,8.8664,7710,9.8000,9.8000,9.8000,9.8000,0,0,0
ABC,20190918,8.9568,8.9568,8.9568,8.9568,3040,9.9000,9.9000,9.9000,9.9000,0,0,0
ABC,20190917,8.9568,9.0473,8.7759,8.7759,3300,9.9000,10.0000,9.7000,9.7000,0,0,0
ABC,20190916,8.8663,9.0473,8.7759,9.0473,7534,9.8000,10.0000,9.7000,10.0000,0,0,0
ABC,20190913,8.6854,8.6854,8.6854,8.6854,440,9.6000,9.6000,9.6000,9.6000,0,0,0
ABC,20190912,8.6855,8.7759,8.6855,8.7759,1540,9.6000,9.7000,9.6000,9.7000,0,0,0
ABC,20190911,8.7759,8.7759,8.5950,8.5950,2800,9.7000,9.7000,9.5000,9.5000,0,0,0
ABC,20190910,8.7759,8.7759,8.5950,8.5950,8900,9.7000,9.7000,9.5000,9.5000,0,0,0
ABC,20190909,8.7759,8.7759,8.7759,8.7759,19130,9.7000,9.7000,9.7000,9.7000,0,0,0
ABC,20190906,8.8663,8.8663,8.7759,8.7759,1600,9.8000,9.8000,9.7000,9.7000,0,0,0
ABC,20190905,8.9568,8.9568,8.9568,8.9568,1700,9.9000,9.9000,9.9000,9.9000,0,0,0
ABC,20190904,8.8664,8.8664,8.7759,8.7759,9600,9.8000,9.8000,9.7000,9.7000,0,0,0
ABC,20190903,8.7759,9.0473,8.7759,9.0473,8550,9.7000,10.0000,9.7000,10.0000,0,0,0
ABC,20190830,8.7759,8.7759,8.7759,8.7759,5000,9.7000,9.7000,9.7000,9.7000,0,0,0
ABC,20190829,8.7759,8.8664,8.5950,8.8664,10800,9.7000,9.8000,9.5000,9.8000,0,0,0
ABC,20190828,8.9568,8.9568,8.5045,8.7759,37110,9.9000,9.9000,9.4000,9.7000,0,0,0
ABC,20190827,9.0473,9.2282,9.0473,9.0473,10500,10.0000,10.2000,10.0000,10.0000,1000,0,0
ABC,20190826,9.0473,9.0473,8.9569,9.0473,4420,10.0000,10.0000,9.9000,10.0000,1000,0,0
ABC,20190823,9.5901,9.5901,8.9568,9.1378,35100,10.6000,10.6000,9.9000,10.1000,0,0,0
ABC,20190822,9.2282,9.4092,9.2282,9.4092,16120,10.2000,10.4000,10.2000,10.4000,0,0,0
ABC,20190821,9.6806,9.6806,9.2283,9.3187,44801,10.7000,10.7000,10.2000,10.3000,0,0,0
ABC,20190820,9.4092,9.4997,9.3187,9.4997,10217,10.4000,10.5000,10.3000,10.5000,0,0,0
ABC,20190819,9.3187,9.7711,9.2282,9.4092,19600,10.3000,10.8000,10.2000,10.4000,0,0,0
ABC,20190816,9.2282,9.3187,9.2282,9.3187,6301,10.2000,10.3000,10.2000,10.3000,0,0,0
ABC,20190815,9.3188,9.4997,9.3188,9.3187,4900,10.3000,10.5000,10.3000,10.3000,0,0,0
ABC,20190814,9.2282,9.9520,9.1378,9.5902,28217,10.2000,11.0000,10.1000,10.6000,0,0,0
ABC,20190813,9.4997,9.4997,9.1378,9.3187,18830,10.5000,10.5000,10.1000,10.3000,0,0,0
ABC,20190812,9.4092,9.6806,9.2282,9.4997,12710,10.4000,10.7000,10.2000,10.5000,0,0,0
ABC,20190809,9.8616,9.8616,9.2283,9.6806,64000,10.9000,10.9000,10.2000,10.7000,0,0,0
ABC,20190808,10.1330,10.4949,9.5902,9.7711,57100,11.2000,11.6000,10.6000,10.8000,0,0,0
ABC,20190807,9.4997,10.3139,9.4092,10.1330,60617,10.5000,11.4000,10.4000,11.2000,0,0,0
ABC,20190806,9.0473,9.6806,9.0473,9.4092,35420,10.0000,10.7000,10.0000,10.4000,0,0,0
ABC,20190805,9.0473,9.1378,8.9568,9.0473,26500,10.0000,10.1000,9.9000,10.0000,0,0,0
ABC,20190802,8.9568,9.0473,8.9568,9.0473,12900,9.9000,10.0000,9.9000,10.0000,0,0,0
ABC,20190801,8.8664,9.4997,8.8664,9.4092,15503,9.8000,10.5000,9.8000,10.4000,0,0,0
ABC,20190731,8.7759,8.9568,8.6854,8.8664,5400,9.7000,9.9000,9.6000,9.8000,0,0,0
ABC,20190730,8.9569,8.9569,8.6855,8.7759,17300,9.9000,9.9000,9.6000,9.7000,0,0,0
ABC,20190729,9.0474,9.1378,8.8664,8.8664,22441,10.0000,10.1000,9.8000,9.8000,0,0,0
ABC,20190726,9.2283,9.4093,9.0474,9.2283,34300,10.2000,10.4000,10.0000,10.2000,0,0,0
ABC,20190725,9.4092,9.6806,9.2283,9.5902,29920,10.4000,10.7000,10.2000,10.6000,0,0,0
ABC,20190724,9.7711,9.7711,9.4092,9.7711,14750,10.8000,10.8000,10.4000,10.8000,0,0,0
ABC,20190723,9.9521,9.9521,9.4997,9.8616,29620,11.0000,11.0000,10.5000,10.9000,0,0,0
ABC,20190722,9.7711,10.6759,9.7711,9.8616,92701,10.8000,11.8000,10.8000,10.9000,0,0,0
ABC,20190719,9.7711,9.7711,9.1378,9.5902,20600,10.8000,10.8000,10.1000,10.6000,0,0,0
ABC,20190718,9.7711,9.9521,9.6807,9.6806,7700,10.8000,11.0000,10.7000,10.7000,0,0,0
ABC,20190717,9.6806,9.8615,9.5901,9.8616,3800,10.7000,10.9000,10.6000,10.9000,0,0,0
ABC,20190716,9.8616,10.1330,9.7711,9.9520,16703,10.9000,11.2000,10.8000,11.0000,0,0,0
ABC,20190715,9.5901,10.1330,9.5901,10.1330,14901,10.6000,11.2000,10.6000,11.2000,0,0,0
ABC,20190712,10.3139,10.3139,9.7711,10.0425,43500,11.4000,11.4000,10.8000,11.1000,0,0,0
ABC,20190711,9.9521,10.4949,9.6807,10.3139,72000,11.0000,11.6000,10.7000,11.4000,0,0,0
ABC,20190710,8.8664,9.8616,8.8664,9.8616,112995,9.8000,10.9000,9.8000,10.9000,0,0,0
ABC,20190709,8.5045,8.7759,8.5045,8.7759,24927,9.4000,9.7000,9.4000,9.7000,0,0,0
ABC,20190708,8.5045,8.5045,8.3235,8.5045,4548,9.4000,9.4000,9.2000,9.4000,0,0,0
ABC,20190705,8.4141,8.5045,8.2331,8.4140,8167,9.3000,9.4000,9.1000,9.3000,0,0,0
ABC,20190704,8.3235,8.5949,8.2330,8.5950,3510,9.2000,9.5000,9.1000,9.5000,0,0,0
ABC,20190703,8.6855,8.6855,8.3236,8.3235,8400,9.6000,9.6000,9.2000,9.2000,0,0,0
ABC,20190702,8.6855,8.6855,8.5045,8.5950,11900,9.6000,9.6000,9.4000,9.5000,0,0,0
ABC,20190701,8.2330,8.6854,8.2330,8.5950,21458,9.1000,9.6000,9.1000,9.5000,0,0,0
ABC,20190628,8.1426,8.1426,7.9617,8.0521,32410,9.0000,9.0000,8.8000,8.9000,0,0,0
ABC,20190627,8.5045,8.6854,8.1426,8.1426,43100,9.4000,9.6000,9.0000,9.0000,0,0,0
ABC,20190626,9.0473,9.0473,8.5045,8.7759,37410,10.0000,10.0000,9.4000,9.7000,0,0,0
ABC,20190625,9.9522,9.9522,9.0474,9.1378,14710,11.0000,11.0000,10.0000,10.1000,0,0,0
ABC,20190624,9.0555,9.4671,8.8909,9.1379,32520,11.0000,11.5000,10.8000,11.1000,0,0,0
ABC,20190621,9.4671,9.4671,9.0555,9.0555,27371,11.5000,11.5000,11.0000,11.0000,0,0,0
ABC,20190620,8.7263,9.5495,8.7263,9.3848,79360,10.6000,11.6000,10.6000,11.4000,0,0,0
ABC,20190619,8.5616,8.7262,8.3969,8.7263,45000,10.4000,10.6000,10.2000,10.6000,0,0,0
ABC,20190618,8.9732,9.0556,8.4793,8.6439,34820,10.9000,11.0000,10.3000,10.5000,0,0,0
ABC,20190617,8.4793,8.8909,8.4793,8.8086,75910,10.3000,10.8000,10.3000,10.7000,0,0,0
ABC,20190614,8.4793,8.4793,8.1500,8.4793,40500,10.3000,10.3000,9.9000,10.3000,0,0,0
ABC,20190613,7.9853,8.2323,7.9853,8.2323,22900,9.7000,10.0000,9.7000,10.0000,0,0,0
ABC,20190612,8.2323,8.2323,7.9854,7.9853,11570,10.0000,10.0000,9.7000,9.7000,0,0,0
ABC,20190611,7.8207,8.3146,7.8207,8.1500,58100,9.5000,10.1000,9.5000,9.9000,0,0,0
ABC,20190610,7.6560,7.9030,7.6560,7.9030,2530,9.3000,9.6000,9.3000,9.6000,0,0,0
ABC,20190607,7.8207,7.9030,7.8207,7.9030,600,9.5000,9.6000,9.5000,9.6000,0,0,0
ABC,20190606,8.1500,8.1500,7.9030,7.9030,11610,9.9000,9.9000,9.6000,9.6000,0,0,0
ABC,20190605,7.9030,7.9030,7.9030,7.9030,810,9.6000,9.6000,9.6000,9.6000,0,0,0
ABC,20190604,7.9854,8.3970,7.8207,7.9030,11820,9.7000,10.2000,9.5000,9.6000,0,0,0
ABC,20190603,7.9030,7.9030,7.6561,7.6561,13700,9.6000,9.6000,9.3000,9.3000,0,0,0
ABC,20190531,7.8207,7.9854,7.8207,7.8207,9760,9.5000,9.7000,9.5000,9.5000,0,0,0
ABC,20190530,7.7384,7.8207,7.6561,7.6561,9020,9.4000,9.5000,9.3000,9.3000,0,0,0
ABC,20190529,7.6560,7.6560,7.6560,7.6561,9700,9.3000,9.3000,9.3000,9.3000,0,0,0
ABC,20190528,7.6561,7.6561,7.5738,7.5737,12500,9.3000,9.3000,9.2000,9.2000,0,0,0
ABC,20190527,7.7384,7.7384,7.6561,7.6561,11553,9.4000,9.4000,9.3000,9.3000,0,0,0
ABC,20190524,7.6561,7.8207,7.6561,7.8207,7541,9.3000,9.5000,9.3000,9.5000,0,0,0
ABC,20190523,7.7384,7.7384,7.6561,7.6561,3220,9.4000,9.4000,9.3000,9.3000,0,0,0
ABC,20190522,7.7384,7.7384,7.6561,7.6561,32000,9.4000,9.4000,9.3000,9.3000,0,0,0
ABC,20190521,7.7384,7.8207,7.7384,7.8207,1200,9.4000,9.5000,9.4000,9.5000,0,0,0
ABC,20190520,7.6561,7.7384,7.6561,7.6561,13000,9.3000,9.4000,9.3000,9.3000,0,0,0
ABC,20190517,7.8207,7.8207,7.7384,7.7384,12410,9.5000,9.5000,9.4000,9.4000,0,0,0
ABC,20190516,7.7384,7.7384,7.6561,7.7384,11100,9.4000,9.4000,9.3000,9.4000,0,0,0
ABC,20190515,7.9031,7.9031,7.8207,7.8207,3000,9.6000,9.6000,9.5000,9.5000,0,0,0
ABC,20190514,7.7384,7.7384,7.6561,7.6561,28705,9.4000,9.4000,9.3000,9.3000,0,0,0
ABC,20190513,7.7384,7.8207,7.7384,7.8207,19220,9.4000,9.5000,9.4000,9.5000,0,0,0
ABC,20190510,7.7384,7.7384,7.6561,7.6561,2900,9.4000,9.4000,9.3000,9.3000,0,0,0
ABC,20190509,7.6561,7.7384,7.6561,7.7384,1600,9.3000,9.4000,9.3000,9.4000,0,0,0
ABC,20190508,7.5738,7.6561,7.5738,7.6561,22600,9.2000,9.3000,9.2000,9.3000,0,0,0
ABC,20190507,7.7384,7.7384,7.7384,7.7384,3630,9.4000,9.4000,9.4000,9.4000,0,0,0
ABC,20190506,7.7384,7.7384,7.7384,7.7384,24500,9.4000,9.4000,9.4000,9.4000,0,0,0
ABC,20190503,7.8207,7.8207,7.7384,7.7384,5516,9.5000,9.5000,9.4000,9.4000,0,0,0
ABC,20190502,7.8207,7.8207,7.7384,7.8207,5800,9.5000,9.5000,9.4000,9.5000,0,0,0
ABC,20190426,7.9030,7.9030,7.6561,7.8207,7514,9.6000,9.6000,9.3000,9.5000,0,0,0
ABC,20190425,7.9853,7.9853,7.7383,7.7384,16900,9.7000,9.7000,9.4000,9.4000,0,0,0
ABC,20190424,7.9030,7.9853,7.9030,7.9853,10410,9.6000,9.7000,9.6000,9.7000,0,0,0
ABC,20190423,7.9853,7.9853,7.9030,7.9030,400,9.7000,9.7000,9.6000,9.6000,0,0,0
ABC,20190422,7.8207,7.8207,7.8207,7.8207,10000,9.5000,9.5000,9.5000,9.5000,0,0,0
ABC,20190419,7.9030,7.9030,7.5737,7.8207,21600,9.6000,9.6000,9.2000,9.5000,0,0,0
ABC,20190418,7.8207,7.8207,7.8207,7.8207,3500,9.5000,9.5000,9.5000,9.5000,0,0,0
ABC,20190417,7.7383,7.9030,7.7383,7.8207,4100,9.4000,9.6000,9.4000,9.5000,0,0,0
ABC,20190416,7.9030,7.9853,7.7384,7.9853,30230,9.6000,9.7000,9.4000,9.7000,0,0,0
ABC,20190412,7.9854,7.9854,7.8207,7.9030,4800,9.7000,9.7000,9.5000,9.6000,0,0,0
ABC,20190411,7.9030,8.0676,7.9030,8.0677,3500,9.6000,9.8000,9.6000,9.8000,5000,0,0
ABC,20190410,7.9853,8.0676,7.8207,7.9030,10300,9.7000,9.8000,9.5000,9.6000,0,0,0
ABC,20190409,7.9853,8.0676,7.9030,7.9030,26100,9.7000,9.8000,9.6000,9.6000,0,0,0
ABC,20190408,7.9854,8.2323,7.9031,7.9853,26700,9.7000,10.0000,9.6000,9.7000,0,0,0
ABC,20190405,7.9030,8.1500,7.9030,8.0677,9800,9.6000,9.9000,9.6000,9.8000,0,0,0
ABC,20190404,7.7383,7.9853,7.7383,7.7384,24500,9.4000,9.7000,9.4000,9.4000,0,0,0
ABC,20190403,8.3969,8.3969,7.9030,7.9853,12605,10.2000,10.2000,9.6000,9.7000,5000,0,0
ABC,20190402,8.6439,8.7262,8.1500,8.2323,68900,10.5000,10.6000,9.9000,10.0000,0,0,0
ABC,20190401,7.6560,8.6439,7.6560,8.6439,103513,9.3000,10.5000,9.3000,10.5000,0,0,0
ABC,20190329,8.1500,8.1500,7.4091,7.5737,12900,9.9000,9.9000,9.0000,9.2000,0,0,0
ABC,20190328,7.5738,7.5738,7.4091,7.4091,7002,9.2000,9.2000,9.0000,9.0000,0,0,0
ABC,20190327,7.6560,7.7384,7.5737,7.6561,20600,9.3000,9.4000,9.2000,9.3000,0,0,0
ABC,20190326,7.4914,7.5737,7.4914,7.4914,13310,9.1000,9.2000,9.1000,9.1000,0,0,0
ABC,20190325,7.4091,7.4091,7.3267,7.4091,29500,9.0000,9.0000,8.9000,9.0000,0,0,0
ABC,20190322,7.4091,7.5737,7.4091,7.5737,1300,9.0000,9.2000,9.0000,9.2000,0,0,0
ABC,20190321,7.8207,7.8207,7.5737,7.5737,3500,9.5000,9.5000,9.2000,9.2000,0,0,0
ABC,20190320,7.6561,7.6561,7.5738,7.5737,700,9.3000,9.3000,9.2000,9.2000,0,0,0
ABC,20190319,7.7384,7.9030,7.6561,7.6561,11000,9.4000,9.6000,9.3000,9.3000,0,0,0
ABC,20190318,7.5737,7.7384,7.5737,7.7384,16531,9.2000,9.4000,9.2000,9.4000,0,0,0
ABC,20190315,7.4914,7.4914,7.4091,7.4091,5300,9.1000,9.1000,9.0000,9.0000,0,0,0
ABC,20190314,7.5737,7.5737,7.5737,7.5737,1500,9.2000,9.2000,9.2000,9.2000,0,0,0
ABC,20190313,7.5737,7.6560,7.4914,7.5737,7816,9.2000,9.3000,9.1000,9.2000,0,0,0
ABC,20190312,7.6561,7.6561,7.4915,7.4914,10300,9.3000,9.3000,9.1000,9.1000,0,0,0
ABC,20190311,7.8207,8.1500,7.6560,7.6561,24905,9.5000,9.9000,9.3000,9.3000,0,0,0
ABC,20190308,7.8207,7.8207,7.5738,7.5737,8990,9.5000,9.5000,9.2000,9.2000,0,0,0
ABC,20190307,7.7384,7.7384,7.6561,7.7384,5800,9.4000,9.4000,9.3000,9.4000,0,0,0
ABC,20190306,7.7384,7.8207,7.7384,7.7384,4420,9.4000,9.5000,9.4000,9.4000,0,0,0
ABC,20190305,7.8207,7.8207,7.7384,7.7384,2201,9.5000,9.5000,9.4000,9.4000,0,0,0
ABC,20190304,7.7384,7.7384,7.6560,7.7384,14590,9.4000,9.4000,9.3000,9.4000,0,0,0
ABC,20190301,7.7384,7.9030,7.7384,7.9030,8600,9.4000,9.6000,9.4000,9.6000,0,0,0
ABC,20190228,7.7384,7.7384,7.7384,7.7384,1500,9.4000,9.4000,9.4000,9.4000,0,0,0
ABC,20190227,7.9854,8.0677,7.9854,8.0677,370,9.7000,9.8000,9.7000,9.8000,0,0,0
ABC,20190226,7.7384,7.7384,7.7384,7.7384,6965,9.4000,9.4000,9.4000,9.4000,0,0,0
ABC,20190225,7.7384,7.8207,7.7384,7.8207,4400,9.4000,9.5000,9.4000,9.5000,0,0,0
ABC,20190222,7.8207,7.8207,7.6561,7.7384,5900,9.5000,9.5000,9.3000,9.4000,0,0,0
ABC,20190221,7.8207,7.8207,7.8207,7.8207,16807,9.5000,9.5000,9.5000,9.5000,0,0,0
ABC,20190220,7.9030,7.9030,7.9030,7.9030,100,9.6000,9.6000,9.6000,9.6000,0,0,0
ABC,20190219,7.5737,8.1500,7.5737,7.7384,25040,9.2000,9.9000,9.2000,9.4000,0,0,0
ABC,20190218,7.5737,7.5737,7.5737,7.5737,1100,9.2000,9.2000,9.2000,9.2000,0,0,0
ABC,20190215,7.5737,7.5737,7.5737,7.5737,200,9.2000,9.2000,9.2000,9.2000,0,0,0
ABC,20190214,7.7384,7.7384,7.4914,7.4914,2300,9.4000,9.4000,9.1000,9.1000,0,0,0
ABC,20190213,7.5737,7.5737,7.4091,7.4914,6167,9.2000,9.2000,9.0000,9.1000,0,0,0
ABC,20190212,7.6561,7.8207,7.5738,7.5737,8400,9.3000,9.5000,9.2000,9.2000,0,0,0
ABC,20190211,7.8207,7.9030,7.6560,7.6561,13920,9.5000,9.6000,9.3000,9.3000,0,0,0
ABC,20190201,7.5737,7.7383,7.5737,7.5737,4310,9.2000,9.4000,9.2000,9.2000,0,0,0
ABC,20190131,7.4914,7.5737,7.4914,7.5737,4700,9.1000,9.2000,9.1000,9.2000,0,0,0
ABC,20190130,7.5737,7.6560,7.4091,7.4091,1600,9.2000,9.3000,9.0000,9.0000,0,0,0
ABC,20190129,7.4091,7.5737,7.3268,7.4914,19000,9.0000,9.2000,8.9000,9.1000,0,0,0
ABC,20190128,7.3268,7.4091,7.1621,7.4091,11600,8.9000,9.0000,8.7000,9.0000,0,0,0
ABC,20190125,7.2444,7.4914,7.2444,7.4914,10200,8.8000,9.1000,8.8000,9.1000,0,0,0
ABC,20190124,7.4914,7.4914,7.1621,7.1621,8220,9.1000,9.1000,8.7000,8.7000,0,0,0
ABC,20190123,7.4915,7.4915,7.1622,7.4914,13400,9.1000,9.1000,8.7000,9.1000,0,0,0
ABC,20190122,7.5737,7.6560,7.5737,7.6561,5700,9.2000,9.3000,9.2000,9.3000,0,0,0
ABC,20190121,7.5737,7.5737,7.5737,7.5737,5200,9.2000,9.2000,9.2000,9.2000,0,0,0
ABC,20190118,7.4091,7.4091,7.4091,7.4091,3710,9.0000,9.0000,9.0000,9.0000,0,0,0
ABC,20190117,7.6561,7.6561,7.4914,7.4914,1500,9.3000,9.3000,9.1000,9.1000,0,0,0
ABC,20190116,7.5738,7.5738,7.4091,7.4091,4211,9.2000,9.2000,9.0000,9.0000,0,0,0
ABC,20190115,7.4914,7.4914,7.3268,7.3268,5000,9.1000,9.1000,8.9000,8.9000,0,0,0
ABC,20190114,7.7384,7.7384,7.4914,7.4914,3400,9.4000,9.4000,9.1000,9.1000,0,0,0
ABC,20190111,7.6561,7.6561,7.4915,7.4914,4100,9.3000,9.3000,9.1000,9.1000,0,0,0
ABC,20190110,7.7384,7.7384,7.6560,7.6561,200,9.4000,9.4000,9.3000,9.3000,0,0,0
ABC,20190109,7.7384,7.7384,7.4914,7.4914,3000,9.4000,9.4000,9.1000,9.1000,0,0,0
ABC,20190108,7.8207,7.8207,7.4914,7.4914,1200,9.5000,9.5000,9.1000,9.1000,0,0,0
ABC,20190107,7.7384,7.7384,7.6561,7.7384,3800,9.4000,9.4000,9.3000,9.4000,0,0,0
ABC,20190104,7.6561,7.7384,7.5738,7.6561,4111,9.3000,9.4000,9.2000,9.3000,0,0,0
ABC,20190103,7.6561,7.6561,7.6561,7.6561,600,9.3000,9.3000,9.3000,9.3000,0,0,0
ABC,20190102,7.8207,7.8207,7.6561,7.6561,800,9.5000,9.5000,9.3000,9.3000,0,0,0
ABC,20181228,7.6561,7.7384,7.6561,7.6561,3100,9.3000,9.4000,9.3000,9.3000,0,0,0
ABC,20181227,7.8207,7.9853,7.7383,7.7384,11900,9.5000,9.7000,9.4000,9.4000,0,0,0
ABC,20181226,7.5737,7.5737,7.5737,7.5737,10200,9.2000,9.2000,9.2000,9.2000,0,0,0
ABC,20181225,7.7383,7.7383,7.4914,7.5737,9200,9.4000,9.4000,9.1000,9.2000,0,0,0
ABC,20181224,7.7383,7.7383,7.5737,7.5737,1957,9.4000,9.4000,9.2000,9.2000,0,0,0
ABC,20181221,7.4914,7.5737,7.4914,7.5737,2310,9.1000,9.2000,9.1000,9.2000,0,0,0
ABC,20181220,7.4915,7.5738,7.4915,7.5737,1700,9.1000,9.2000,9.1000,9.2000,0,0,0
ABC,20181219,7.6561,7.7384,7.6561,7.6561,6950,9.3000,9.4000,9.3000,9.3000,0,0,0
ABC,20181218,7.5737,7.7384,7.5737,7.6561,5600,9.2000,9.4000,9.2000,9.3000,0,0,0
ABC,20181217,7.8207,7.8207,7.8207,7.8207,100,9.5000,9.5000,9.5000,9.5000,0,0,0
ABC,20181214,7.8207,7.8207,7.8207,7.8207,400,9.5000,9.5000,9.5000,9.5000,0,0,0
ABC,20181213,7.8207,7.9030,7.7384,7.9030,4000,9.5000,9.6000,9.4000,9.6000,0,0,0
ABC,20181212,7.7384,7.7384,7.7384,7.7384,4103,9.4000,9.4000,9.4000,9.4000,0,0,0
ABC,20181211,7.8207,7.8207,7.6561,7.7384,2500,9.5000,9.5000,9.3000,9.4000,0,0,0
ABC,20181210,7.8207,7.8207,7.8207,7.8207,2100,9.5000,9.5000,9.5000,9.5000,0,0,0
ABC,20181207,7.6561,7.8207,7.6561,7.8207,4110,9.3000,9.5000,9.3000,9.5000,0,0,0
ABC,20181206,7.9030,7.9030,7.6560,7.8207,2100,9.6000,9.6000,9.3000,9.5000,0,0,0
ABC,20181205,7.6561,7.9030,7.6561,7.9030,1700,9.3000,9.6000,9.3000,9.6000,0,0,0
ABC,20181204,7.8207,7.8207,7.6560,7.8207,5600,9.5000,9.5000,9.3000,9.5000,0,0,0
ABC,20181203,7.9030,7.9853,7.8207,7.9853,2000,9.6000,9.7000,9.5000,9.7000,0,0,0
ABC,20181130,7.9853,7.9853,7.9030,7.9030,4700,9.7000,9.7000,9.6000,9.6000,0,0,0
ABC,20181129,8.0676,8.0676,7.8207,7.9853,8410,9.8000,9.8000,9.5000,9.7000,0,0,0
ABC,20181128,7.9030,7.9853,7.7384,7.9853,5310,9.6000,9.7000,9.4000,9.7000,0,0,0
ABC,20181127,7.7384,8.1500,7.7384,7.9030,27420,9.4000,9.9000,9.4000,9.6000,0,0,0
ABC,20181126,7.8207,7.8207,7.7384,7.8207,6100,9.5000,9.5000,9.4000,9.5000,0,0,0
ABC,20181123,7.9030,8.0677,7.7384,7.8207,2510,9.6000,9.8000,9.4000,9.5000,0,0,0
ABC,20181122,7.4091,8.1500,7.4091,8.1500,20112,9.0000,9.9000,9.0000,9.9000,0,0,0
ABC,20181121,7.8207,7.8207,7.3268,7.4914,30703,9.5000,9.5000,8.9000,9.1000,0,0,0
ABC,20181120,7.6561,7.9030,7.4914,7.7384,13200,9.3000,9.6000,9.1000,9.4000,0,0,0
ABC,20181119,8.2324,8.2324,7.4091,7.8207,19009,10.0000,10.0000,9.0000,9.5000,0,0,0
ABC,20181116,9.0556,9.0556,8.2323,8.7263,30090,11.0000,11.0000,10.0000,10.6000,0,0,0
ABC,20181115,9.0555,9.4672,8.2323,8.4793,39813,11.0000,11.5000,10.0000,10.3000,0,0,0
ABC,20181114,7.9853,8.5616,7.9853,8.5616,74728,9.7000,10.4000,9.7000,10.4000,0,0,0
ABC,20181113,7.4091,7.8207,7.0798,7.8207,28100,9.0000,9.5000,8.6000,9.5000,0,0,0
ABC,20181112,6.9151,6.9151,6.8328,6.8328,1840,8.4000,8.4000,8.3000,8.3000,0,0,0
ABC,20181109,7.2444,7.4090,6.6681,7.1621,6800,8.8000,9.0000,8.1000,8.7000,0,0,0
ABC,20181108,7.4914,7.4914,7.2445,7.2444,2610,9.1000,9.1000,8.8000,8.8000,0,0,0
ABC,20181107,7.2445,7.4914,7.2445,7.3268,3600,8.8000,9.1000,8.8000,8.9000,0,0,0
ABC,20181106,7.4091,7.4091,7.2444,7.4091,6206,9.0000,9.0000,8.8000,9.0000,0,0,0
ABC,20181105,7.3268,7.4914,7.2445,7.4914,2810,8.9000,9.1000,8.8000,9.1000,0,0,0
ABC,20181102,7.3268,7.4091,7.3268,7.4091,1000,8.9000,9.0000,8.9000,9.0000,0,0,0
ABC,20181101,6.5859,7.1621,6.5859,7.0798,1800,8.0000,8.7000,8.0000,8.6000,0,0,0
ABC,20181031,7.4091,7.4091,7.4091,7.4091,2000,9.0000,9.0000,9.0000,9.0000,0,0,0
ABC,20181030,7.0797,7.3267,6.9974,7.3268,3800,8.6000,8.9000,8.5000,8.9000,0,0,0
ABC,20181029,6.9152,6.9975,6.9152,6.9151,16000,8.4000,8.5000,8.4000,8.4000,0,0,0
ABC,20181026,6.8329,7.2445,6.8329,7.0798,8500,8.3000,8.8000,8.3000,8.6000,0,0,0
ABC,20181025,6.9975,6.9975,6.9152,6.9975,37820,8.5000,8.5000,8.4000,8.5000,0,0,0
ABC,20181024,7.4090,7.4090,7.0798,7.0798,11020,9.0000,9.0000,8.6000,8.6000,0,0,0
ABC,20181023,7.6561,7.6561,7.2445,7.2444,14654,9.3000,9.3000,8.8000,8.8000,0,0,0
ABC,20181022,7.6561,7.9030,7.4091,7.4091,19900,9.3000,9.6000,9.0000,9.0000,0,0,0
ABC,20181019,7.4914,7.9030,7.4091,7.7384,15540,9.1000,9.6000,9.0000,9.4000,0,0,0
ABC,20181018,7.7384,7.7384,7.4091,7.4091,9400,9.4000,9.4000,9.0000,9.0000,0,0,0
ABC,20181017,7.6560,7.7383,7.6560,7.7384,8400,9.3000,9.4000,9.3000,9.4000,0,0,0
ABC,20181016,7.6560,7.7384,7.5737,7.5737,9100,9.3000,9.4000,9.2000,9.2000,0,0,0
ABC,20181015,7.6561,7.9030,7.5737,7.9030,1539,9.3000,9.6000,9.2000,9.6000,0,0,0
ABC,20181012,7.4091,7.9854,7.4091,7.8207,24300,9.0000,9.7000,9.0000,9.5000,0,0,0
ABC,20181011,7.8207,7.9031,6.9975,7.4091,46300,9.5000,9.6000,8.5000,9.0000,0,0,0
ABC,20181010,7.8207,8.0677,7.8207,8.0677,10900,9.5000,9.8000,9.5000,9.8000,0,0,0
ABC,20181009,8.0677,8.2323,7.6561,7.8207,13900,9.8000,10.0000,9.3000,9.5000,0,0,0
ABC,20181008,7.9030,7.9030,7.7383,7.7384,27200,9.6000,9.6000,9.4000,9.4000,0,0,0
ABC,20181005,7.9030,8.2323,7.8207,7.9853,10460,9.6000,10.0000,9.5000,9.7000,0,0,0
ABC,20181004,7.9853,7.9853,7.8207,7.8207,9900,9.7000,9.7000,9.5000,9.5000,0,0,0
ABC,20181003,7.9853,7.9853,7.8207,7.8207,30940,9.7000,9.7000,9.5000,9.5000,0,0,0
ABC,20181002,7.9853,7.9853,7.8207,7.9853,6520,9.7000,9.7000,9.5000,9.7000,0,0,0
ABC,20181001,8.2323,8.2323,7.9854,7.9853,23411,10.0000,10.0000,9.7000,9.7000,0,0,0
ABC,20180928,8.0677,8.1500,8.0677,8.0677,19800,9.8000,9.9000,9.8000,9.8000,0,0,0
ABC,20180927,8.1499,8.1499,8.0676,8.1500,48330,9.9000,9.9000,9.8000,9.9000,0,0,0
ABC,20180926,8.1500,8.1500,7.9030,7.9853,23050,9.9000,9.9000,9.6000,9.7000,0,0,0
ABC,20180925,7.9854,8.2323,7.9031,7.9030,27330,9.7000,10.0000,9.6000,9.6000,0,0,0
ABC,20180924,8.3146,8.3146,7.9853,8.0677,18200,10.1000,10.1000,9.7000,9.8000,0,0,0
ABC,20180921,8.2323,8.4793,7.9854,8.3146,34700,10.0000,10.3000,9.7000,10.1000,0,0,0
ABC,20180920,8.3970,8.4793,7.9854,8.1500,33320,10.2000,10.3000,9.7000,9.9000,0,0,0
ABC,20180919,8.3146,8.3970,7.9030,8.3970,68700,10.1000,10.2000,9.6000,10.2000,0,0,0
ABC,20180918,8.2323,8.5616,8.0677,8.5616,29200,10.0000,10.4000,9.8000,10.4000,0,0,0
ABC,20180917,8.4792,8.5616,7.9030,8.2323,32490,10.3000,10.4000,9.6000,10.0000,0,0,0
ABC,20180914,7.8207,8.7263,7.4914,7.9853,165455,9.5000,10.6000,9.1000,9.7000,0,0,0
ABC,20180913,8.4793,8.4793,7.4914,8.1500,52220,10.3000,10.3000,9.1000,9.9000,0,0,0
ABC,20180912,9.0556,9.6319,7.9854,8.6439,58730,11.0000,11.7000,9.7000,10.5000,0,0,0
ABC,20180911,7.4091,9.5495,7.4091,8.7263,65070,9.0000,11.6000,9.0000,10.6000,0,0,0
ABC,20180910,8.3970,9.0556,8.3970,8.3970,163753,10.2000,11.0000,10.2000,10.2000,0,0,0
ABC,20180907,9.8788,9.8788,9.8788,9.8788,9600,12.0000,12.0000,12.0000,12.0000,0,0,0
ABC,20180906,13.7480,13.7480,10.2904,10.2904,166857,16.7000,16.7000,12.5000,12.5000,0,0,0
ABC,20180905,11.5253,12.0192,11.5253,12.0192,214510,14.0000,14.6000,14.0000,14.6000,0,0,0
ABC,20180904,9.4672,10.5374,9.2202,10.5374,256705,11.5000,12.8000,11.2000,12.8000,0,0,0
ABC,20180831,9.2202,9.2202,8.6440,9.2202,100059,11.2000,11.2000,10.5000,11.2000,0,0,0
ABC,20180830,7.7384,8.0677,7.7384,8.0677,40319,9.4000,9.8000,9.4000,9.8000,0,0,0
ABC,20180829,6.4212,7.1621,6.4212,7.1621,118560,7.8000,8.7000,7.8000,8.7000,0,0,0
ABC,20180828,6.0919,6.4212,6.0919,6.4212,29401,7.4000,7.8000,7.4000,7.8000,0,0,0
ABC,20180827,6.0919,6.1742,6.0096,6.1742,38449,7.4000,7.5000,7.3000,7.5000,0,0,0
ABC,20180824,6.1742,6.1742,5.9273,6.0919,9200,7.5000,7.5000,7.2000,7.4000,0,0,0
ABC,20180823,5.9273,6.0096,5.9273,6.0096,14800,7.2000,7.3000,7.2000,7.3000,0,0,0
ABC,20180822,5.9273,5.9273,5.9273,5.9273,9203,7.2000,7.2000,7.2000,7.2000,0,0,0
ABC,20180821,5.9273,5.9273,5.9273,5.9273,5207,7.2000,7.2000,7.2000,7.2000,0,0,0
ABC,20180820,6.0919,6.0919,5.9272,6.0919,11940,7.4000,7.4000,7.2000,7.4000,0,0,0
ABC,20180817,5.9273,6.1743,5.9273,6.1742,8400,7.2000,7.5000,7.2000,7.5000,0,0,0
ABC,20180816,5.9273,5.9273,5.9273,5.9273,7800,7.2000,7.2000,7.2000,7.2000,0,0,0
ABC,20180815,5.9273,5.9273,5.8450,5.9273,41200,7.2000,7.2000,7.1000,7.2000,0,0,0
ABC,20180814,5.8449,6.0095,5.8449,5.9273,5601,7.1000,7.3000,7.1000,7.2000,0,0,0
ABC,20180813,5.7626,5.9272,5.7626,5.8449,15900,7.0000,7.2000,7.0000,7.1000,80000,0,0
ABC,20180810,5.8449,5.8449,5.7626,5.8449,23000,7.1000,7.1000,7.0000,7.1000,0,0,0
ABC,20180809,5.8449,5.8449,5.8449,5.8449,14100,7.1000,7.1000,7.1000,7.1000,0,0,0
ABC,20180808,5.8449,5.8449,5.7626,5.8449,3302,7.1000,7.1000,7.0000,7.1000,0,0,0
ABC,20180807,5.7626,5.8449,5.7626,5.7626,8300,7.0000,7.1000,7.0000,7.0000,0,0,0
ABC,20180806,5.8450,5.8450,5.6803,5.7626,14800,7.1000,7.1000,6.9000,7.0000,0,0,0
ABC,20180803,5.6803,5.9273,5.5980,5.5980,11000,6.9000,7.2000,6.8000,6.8000,0,0,0
ABC,20180802,5.5980,5.6803,5.5156,5.5980,8860,6.8000,6.9000,6.7000,6.8000,0,0,0
ABC,20180801,5.8449,5.8449,5.5156,5.7626,22400,7.1000,7.1000,6.7000,7.0000,0,0,0
ABC,20180731,5.7626,5.8449,5.6803,5.8449,7600,7.0000,7.1000,6.9000,7.1000,0,0,0
ABC,20180730,5.8449,5.8449,5.6803,5.7626,19200,7.1000,7.1000,6.9000,7.0000,0,0,0
ABC,20180727,6.0096,6.0096,5.7626,5.7626,16300,7.3000,7.3000,7.0000,7.0000,0,0,0
ABC,20180726,6.0096,6.0919,5.5980,6.0919,14800,7.3000,7.4000,6.8000,7.4000,0,0,0
ABC,20180725,6.5859,6.6682,6.2566,6.4212,13200,8.0000,8.1000,7.6000,7.8000,0,0,0
ABC,20180724,6.5858,7.2444,6.4212,6.6682,25400,8.0000,8.8000,7.8000,8.1000,0,0,0
ABC,20180723,5.7626,6.4212,5.7626,6.4212,48345,7.0000,7.8000,7.0000,7.8000,0,0,0
ABC,20180720,5.5980,5.7627,5.4334,5.6803,27800,6.8000,7.0000,6.6000,6.9000,0,0,0
ABC,20180719,5.5157,5.5157,5.5157,5.5157,20400,6.7000,6.7000,6.7000,6.7000,0,0,0
ABC,20180718,5.5157,5.5980,5.4334,5.5980,10410,6.7000,6.8000,6.6000,6.8000,0,0,0
ABC,20180717,5.4334,5.5980,5.4334,5.5980,4300,6.6000,6.8000,6.6000,6.8000,0,0,0
ABC,20180716,5.6803,5.6803,5.5980,5.5980,4800,6.9000,6.9000,6.8000,6.8000,0,0,0
ABC,20180713,5.6803,5.6803,5.5157,5.5157,5107,6.9000,6.9000,6.7000,6.7000,0,0,0
ABC,20180712,5.7627,5.7627,5.5980,5.5980,4100,7.0000,7.0000,6.8000,6.8000,0,0,0
ABC,20180711,5.7626,5.7626,5.5157,5.5157,8315,7.0000,7.0000,6.7000,6.7000,0,0,0
ABC,20180710,5.7626,5.7626,5.5979,5.6803,22600,7.0000,7.0000,6.8000,6.9000,0,0,0
ABC,20180709,5.7626,5.8450,5.2687,5.4333,14600,7.0000,7.1000,6.4000,6.6000,0,0,0
ABC,20180706,5.3511,5.6803,5.3511,5.5980,4815,6.5000,6.9000,6.5000,6.8000,0,0,0
ABC,20180705,5.6803,5.6803,5.5156,5.5157,2900,6.9000,6.9000,6.7000,6.7000,0,0,0
ABC,20180704,5.6803,5.7626,5.6803,5.7626,5542,6.9000,7.0000,6.9000,7.0000,0,0,0
ABC,20180703,5.8449,5.8449,5.5979,5.7626,18318,7.1000,7.1000,6.8000,7.0000,80000,0,0
ABC,20180702,5.9273,5.9273,5.6803,5.8449,2630,7.2000,7.2000,6.9000,7.1000,0,0,0
ABC,20180629,5.8450,6.0096,5.8450,6.0096,10730,7.1000,7.3000,7.1000,7.3000,0,0,0
ABC,20180628,5.8450,6.0096,5.8450,5.9273,1200,7.1000,7.3000,7.1000,7.2000,0,0,0
ABC,20180627,5.9272,6.0095,5.9272,5.9273,4824,7.2000,7.3000,7.2000,7.2000,0,0,0
ABC,20180626,5.9273,5.9273,5.8450,5.8449,10060,7.2000,7.2000,7.1000,7.1000,0,0,0
ABC,20180625,5.9273,6.0919,5.9273,5.9273,2900,7.2000,7.4000,7.2000,7.2000,0,0,0
ABC,20180622,5.8449,6.1742,5.7626,5.9273,9100,7.1000,7.5000,7.0000,7.2000,0,0,0
ABC,20180621,5.8450,5.8450,5.7626,5.7626,4020,7.1000,7.1000,7.0000,7.0000,0,0,0
ABC,20180620,5.8449,6.0919,5.8449,6.0096,2600,7.1000,7.4000,7.1000,7.3000,0,0,0
ABC,20180619,5.8449,6.0919,5.8449,6.0919,4500,7.1000,7.4000,7.1000,7.4000,0,0,0
ABC,20180618,6.1742,6.1742,5.7626,5.7626,5000,7.5000,7.5000,7.0000,7.0000,0,0,0
ABC,20180615,6.3389,6.4212,6.1743,6.4212,13800,7.7000,7.8000,7.5000,7.8000,0,0,0
ABC,20180614,6.5035,6.5858,6.3389,6.3389,4400,7.9000,8.0000,7.7000,7.7000,0,0,0
ABC,20180613,6.1742,6.5035,6.1742,6.4212,20580,7.5000,7.9000,7.5000,7.8000,0,0,0
ABC,20180612,6.5035,6.5035,6.5035,6.5035,3040,7.9000,7.9000,7.9000,7.9000,0,0,0
ABC,20180611,6.5035,6.7505,6.4212,6.4212,29272,7.9000,8.2000,7.8000,7.8000,0,0,0
ABC,20180608,6.5035,6.5035,6.3389,6.4212,9421,7.9000,7.9000,7.7000,7.8000,0,0,0
ABC,20180607,6.4212,6.5858,6.2565,6.5035,12661,7.8000,8.0000,7.6000,7.9000,0,0,0
ABC,20180606,6.1742,6.5035,6.1742,6.5035,26793,7.5000,7.9000,7.5000,7.9000,0,0,0
ABC,20180605,6.5858,6.5858,5.4333,6.1742,17553,8.0000,8.0000,6.6000,7.5000,0,0,0
ABC,20180604,6.4212,6.5035,5.5980,6.1742,37437,7.8000,7.9000,6.8000,7.5000,0,0,0
ABC,20180601,6.5858,6.5858,6.4212,6.4212,9560,8.0000,8.0000,7.8000,7.8000,0,0,0
ABC,20180531,6.5858,6.5858,6.5035,6.5035,9000,8.0000,8.0000,7.9000,7.9000,0,0,0
ABC,20180530,6.5858,6.5858,6.1742,6.1742,6400,8.0000,8.0000,7.5000,7.5000,0,0,0
ABC,20180529,6.5859,6.8329,6.4213,6.8328,4745,8.0000,8.3000,7.8000,8.3000,0,0,0
ABC,20180528,6.9151,6.9974,6.5035,6.5859,10090,8.4000,8.5000,7.9000,8.0000,0,0,0
ABC,20180525,6.9975,6.9975,6.9151,6.9151,3100,8.5000,8.5000,8.4000,8.4000,0,0,0
ABC,20180524,7.3267,7.3267,7.1621,7.1621,13810,8.9000,8.9000,8.7000,8.7000,0,0,0
ABC,20180523,7.2445,7.4091,7.2445,7.2444,16000,8.8000,9.0000,8.8000,8.8000,0,0,0
ABC,20180522,7.4915,7.4915,6.9975,6.9975,21646,9.1000,9.1000,8.5000,8.5000,0,0,0
ABC,20180521,7.9030,7.9030,7.4914,7.6561,1210,9.6000,9.6000,9.1000,9.3000,0,0,0
ABC,20180518,8.2323,8.2323,7.4914,7.5737,12190,10.0000,10.0000,9.1000,9.2000,0,0,0
ABC,20180517,7.9030,7.9030,7.8207,7.8207,39400,9.6000,9.6000,9.5000,9.5000,0,0,0
ABC,20180516,7.9853,7.9853,7.8207,7.9030,16445,9.7000,9.7000,9.5000,9.6000,0,0,0
ABC,20180515,7.9853,7.9853,7.7384,7.8207,10076,9.7000,9.7000,9.4000,9.5000,0,0,0
ABC,20180514,7.5737,7.9853,7.4914,7.8207,27448,9.2000,9.7000,9.1000,9.5000,0,0,0
ABC,20180511,7.4091,7.5737,6.9975,7.4914,29810,9.0000,9.2000,8.5000,9.1000,0,0,0
ABC,20180510,7.4914,7.8207,7.0798,7.4091,56170,9.1000,9.5000,8.6000,9.0000,0,0,0
ABC,20180509,8.7262,8.7262,7.6560,7.7384,98600,10.6000,10.6000,9.3000,9.4000,0,0,0
ABC,20180508,9.4672,9.6318,8.2323,8.2323,134000,11.5000,11.7000,10.0000,10.0000,0,0,0
ABC,20180507,10.2904,10.2904,9.4671,9.4672,31200,12.5000,12.5000,11.5000,11.5000,0,0,0
ABC,20180504,10.3727,10.4550,10.3727,10.4550,14600,12.6000,12.7000,12.6000,12.7000,0,0,0
ABC,20180503,10.4551,10.4551,9.8788,10.2904,23900,12.7000,12.7000,12.0000,12.5000,0,0,0
ABC,20180502,11.1137,11.6899,9.1379,10.6197,25000,13.5000,14.2000,11.1000,12.9000,0,0,0
ABC,20180427,10.7020,10.8666,10.5374,10.8667,6600,13.0000,13.2000,12.8000,13.2000,0,0,0
ABC,20180426,10.8667,11.1136,10.7020,10.7020,21500,13.2000,13.5000,13.0000,13.0000,0,0,0
ABC,20180424,11.1136,11.1136,11.0313,11.0313,200,13.5000,13.5000,13.4000,13.4000,0,0,0
ABC,20180423,11.1960,11.1960,10.9490,10.9490,5790,13.6000,13.6000,13.3000,13.3000,0,0,0
ABC,20180420,11.1136,11.3606,11.1136,11.2783,10700,13.5000,13.8000,13.5000,13.7000,0,0,0
ABC,20180419,11.1960,11.1960,11.0313,11.0313,12000,13.6000,13.6000,13.4000,13.4000,0,0,0
ABC,20180418,11.1137,11.2783,11.1137,11.2783,9400,13.5000,13.7000,13.5000,13.7000,0,0,0
ABC,20180417,11.3606,11.3606,11.1959,11.2783,13100,13.8000,13.8000,13.6000,13.7000,0,0,0
ABC,20180416,11.7722,11.7722,11.0313,11.4429,3700,14.3000,14.3000,13.4000,13.9000,0,0,0
ABC,20180413,11.4429,11.5252,11.1136,11.5252,20320,13.9000,14.0000,13.5000,14.0000,0,0,0
ABC,20180412,11.6075,11.8545,11.5252,11.7722,35100,14.1000,14.4000,14.0000,14.3000,0,0,0
ABC,20180411,11.1959,11.9368,11.1959,11.5252,4600,13.6000,14.5000,13.6000,14.0000,0,0,0
ABC,20180410,11.5253,11.9369,10.2904,11.1136,83520,14.0000,14.5000,12.5000,13.5000,0,0,0
ABC,20180409,12.1838,12.3485,11.1960,11.6076,26600,14.8000,15.0000,13.6000,14.1000,0,0,0
ABC,20180406,12.3485,12.4308,12.0192,12.4308,12730,15.0000,15.1000,14.6000,15.1000,0,0,0
ABC,20180405,12.5131,12.6777,12.2661,12.2662,16900,15.2000,15.4000,14.9000,14.9000,0,0,0
ABC,20180404,12.2662,12.5955,12.1839,12.5954,8800,14.9000,15.3000,14.8000,15.3000,0,0,0
ABC,20180403,12.3485,12.6778,12.2662,12.6778,19200,15.0000,15.4000,14.9000,15.4000,0,0,0
ABC,20180402,12.3484,12.7600,12.3484,12.7601,23500,15.0000,15.5000,15.0000,15.5000,0,0,0
ABC,20180330,12.4308,12.5955,11.7722,12.5954,35300,15.1000,15.3000,14.3000,15.3000,0,0,0
ABC,20180329,12.5131,12.5131,11.6899,12.3485,17800,15.2000,15.2000,14.2000,15.0000,0,0,0
ABC,20180328,12.4308,12.4308,12.1839,12.1838,3500,15.1000,15.1000,14.8000,14.8000,0,0,0
ABC,20180327,12.1838,12.5954,12.1838,12.2662,9000,14.8000,15.3000,14.8000,14.9000,0,0,0
ABC,20180326,11.9369,12.3485,11.7723,12.1838,5600,14.5000,15.0000,14.3000,14.8000,0,0,0
ABC,20180323,12.3485,12.3485,11.6076,11.9369,91000,15.0000,15.0000,14.1000,14.5000,0,0,0
ABC,20180322,12.4308,12.8424,12.4308,12.8424,300,15.1000,15.6000,15.1000,15.6000,0,0,0
ABC,20180321,12.5955,12.6778,12.5131,12.5954,13200,15.3000,15.4000,15.2000,15.3000,0,0,0
ABC,20180320,12.7601,12.8424,12.7601,12.7601,15010,15.5000,15.6000,15.5000,15.5000,0,0,0
ABC,20180319,12.8424,12.8424,12.7601,12.7601,4300,15.6000,15.6000,15.5000,15.5000,0,0,0
ABC,20180316,12.5954,13.0070,12.5954,12.6778,1730,15.3000,15.8000,15.3000,15.4000,0,0,0
ABC,20180315,12.6778,12.6778,12.4308,12.5954,37100,15.4000,15.4000,15.1000,15.3000,0,0,0
ABC,20180314,12.7600,12.7600,12.6777,12.6778,13700,15.5000,15.5000,15.4000,15.4000,0,0,0
ABC,20180313,13.0070,13.0070,12.5954,12.5954,24600,15.8000,15.8000,15.3000,15.3000,0,0,0
ABC,20180312,13.1717,13.1717,12.7601,12.9247,4200,16.0000,16.0000,15.5000,15.7000,0,0,0
ABC,20180309,13.0071,13.3364,12.8425,12.9247,9700,15.8000,16.2000,15.6000,15.7000,0,0,0
ABC,20180308,13.0071,13.1717,13.0071,13.0071,9700,15.8000,16.0000,15.8000,15.8000,0,0,0
ABC,20180307,13.3363,13.3363,13.0071,13.1717,11300,16.2000,16.2000,15.8000,16.0000,0,0,0
ABC,20180306,13.0894,13.2541,13.0894,13.1717,2700,15.9000,16.1000,15.9000,16.0000,0,0,0
ABC,20180305,13.1717,13.1717,12.9247,13.0071,14500,16.0000,16.0000,15.7000,15.8000,0,0,0
ABC,20180302,13.3364,13.3364,13.0071,13.2540,14200,16.2000,16.2000,15.8000,16.1000,0,0,0
ABC,20180301,13.1717,13.4186,13.1717,13.3364,13166,16.0000,16.3000,16.0000,16.2000,0,0,0
ABC,20180228,13.1718,13.3364,12.5955,13.2540,11800,16.0000,16.2000,15.3000,16.1000,39,0,0
ABC,20180227,13.4187,13.4187,12.8424,13.3364,16800,16.3000,16.3000,15.6000,16.2000,0,0,0
ABC,20180226,13.6656,13.7479,13.1717,13.1717,31200,16.6000,16.7000,16.0000,16.0000,0,0,0
ABC,20180223,13.9127,13.9127,13.5010,13.6656,26000,16.9000,16.9000,16.4000,16.6000,0,0,0
ABC,20180222,13.4187,13.6657,13.2541,13.3364,26060,16.3000,16.6000,16.1000,16.2000,0,0,0
ABC,20180221,13.2540,13.4186,12.9247,13.4187,26147,16.1000,16.3000,15.7000,16.3000,0,0,0
ABC,20180213,12.6778,13.3364,12.6778,13.2540,53752,15.4000,16.2000,15.4000,16.1000,0,0,0
ABC,20180212,12.1838,12.6777,12.1838,12.6778,5100,14.8000,15.4000,14.8000,15.4000,0,0,0
ABC,20180209,12.3485,12.3485,12.0192,12.1838,14440,15.0000,15.0000,14.6000,14.8000,0,0,0
ABC,20180208,12.4308,12.5954,12.4308,12.4308,12800,15.1000,15.3000,15.1000,15.1000,0,0,0
ABC,20180207,12.3485,12.6778,12.3485,12.4308,16500,15.0000,15.4000,15.0000,15.1000,0,0,0
ABC,20180206,12.8424,12.8424,11.6899,12.6778,83800,15.6000,15.6000,14.2000,15.4000,0,0,0
ABC,20180205,12.5131,13.0071,12.5131,12.9247,61565,15.2000,15.8000,15.2000,15.7000,0,0,0
ABC,20180202,12.1015,12.5954,12.1015,12.3485,9000,14.7000,15.3000,14.7000,15.0000,0,0,0
ABC,20180201,12.5954,12.5954,11.5252,12.1838,32900,15.3000,15.3000,14.0000,14.8000,0,0,0
ABC,20180131,12.7601,12.7601,12.5131,12.5131,7710,15.5000,15.5000,15.2000,15.2000,0,0,0
ABC,20180130,12.7601,13.5010,12.7601,13.0894,5600,15.5000,16.4000,15.5000,15.9000,0,0,0
ABC,20180129,12.4308,12.8424,12.0192,12.7601,46300,15.1000,15.6000,14.6000,15.5000,0,0,0
ABC,20180126,13.0894,13.0894,12.3485,12.6778,23040,15.9000,15.9000,15.0000,15.4000,0,0,0
ABC,20180125,13.9950,13.9950,13.0894,13.0894,17500,17.0000,17.0000,15.9000,15.9000,0,0,0
ABC,20180124,13.2541,14.2419,13.2541,14.1596,52000,16.1000,17.3000,16.1000,17.2000,0,0,0
ABC,20180123,13.0070,13.9949,12.9247,13.4187,30509,15.8000,17.0000,15.7000,16.3000,0,0,0
ABC,20180122,12.5954,12.8424,12.5954,12.8424,27159,15.3000,15.6000,15.3000,15.6000,0,0,0
ABC,20180119,12.5131,12.5954,12.1015,12.1015,8539,15.2000,15.3000,14.7000,14.7000,0,0,0
ABC,20180117,12.5954,12.5954,12.4308,12.4308,11100,15.3000,15.3000,15.1000,15.1000,0,0,0
ABC,20180116,12.5131,12.9247,12.3485,12.5954,13934,15.2000,15.7000,15.0000,15.3000,0,0,0
ABC,20180115,12.3485,12.5131,12.3485,12.5131,20600,15.0000,15.2000,15.0000,15.2000,0,0,0
ABC,20180112,12.3485,12.3485,12.1016,12.1015,3500,15.0000,15.0000,14.7000,14.7000,0,0,0
ABC,20180111,12.1839,12.5131,12.1839,12.2662,14200,14.8000,15.2000,14.8000,14.9000,0,0,0
ABC,20180110,12.1838,12.5954,12.1838,12.3485,25950,14.8000,15.3000,14.8000,15.0000,0,0,0
ABC,20180109,12.1015,12.2662,12.1015,12.1838,7400,14.7000,14.9000,14.7000,14.8000,0,0,0
ABC,20180108,12.0192,12.1839,12.0192,12.0192,23630,14.6000,14.8000,14.6000,14.6000,0,0,0
ABC,20180105,12.1015,12.1015,11.9369,11.9369,7900,14.7000,14.7000,14.5000,14.5000,0,0,0
ABC,20180104,12.0192,12.1015,11.9369,12.0192,19410,14.6000,14.7000,14.5000,14.6000,0,0,0
ABC,20180103,12.2661,12.2661,11.9368,12.0192,18600,14.9000,14.9000,14.5000,14.6000,0,0,0
ABC,20180102,12.5131,12.5131,12.1838,12.1838,2600,15.2000,15.2000,14.8000,14.8000,0,0,0
ABC,20171229,12.3485,12.3485,12.1839,12.1838,1900,15.0000,15.0000,14.8000,14.8000,0,0,0
ABC,20171228,12.5131,12.5955,12.2662,12.2662,12240,15.2000,15.3000,14.9000,14.9000,0,0,0
ABC,20171227,12.5131,12.5131,12.3485,12.3485,2210,15.2000,15.2000,15.0000,15.0000,0,0,0
ABC,20171226,12.5955,12.5955,12.3485,12.4308,11700,15.3000,15.3000,15.0000,15.1000,0,0,0
ABC,20171225,12.3485,12.5955,12.2662,12.3485,11302,15.0000,15.3000,14.9000,15.0000,0,0,0
ABC,20171222,12.4308,12.4308,12.1839,12.3485,20300,15.1000,15.1000,14.8000,15.0000,0,0,0
ABC,20171221,12.3485,12.4308,12.3485,12.3485,13700,15.0000,15.1000,15.0000,15.0000,0,0,0
ABC,20171220,12.3485,12.7601,12.3485,12.7601,26300,15.0000,15.5000,15.0000,15.5000,0,0,0
ABC,20171219,12.9248,13.0071,12.4308,12.4308,5600,15.7000,15.8000,15.1000,15.1000,0,0,0
ABC,20171218,12.7601,12.7601,12.3485,12.6778,8300,15.5000,15.5000,15.0000,15.4000,0,0,0
ABC,20171215,12.4308,12.8424,12.4308,12.7601,6100,15.1000,15.6000,15.1000,15.5000,0,0,0
ABC,20171214,12.6778,12.7601,12.0192,12.5131,10700,15.4000,15.5000,14.6000,15.2000,0,0,0
ABC,20171213,12.6778,12.6778,11.6076,12.6778,17020,15.4000,15.4000,14.1000,15.4000,0,0,0
ABC,20171212,12.5955,12.7601,12.5955,12.6778,7550,15.3000,15.5000,15.3000,15.4000,0,0,0
ABC,20171211,12.8424,12.9247,12.6777,12.6778,6400,15.6000,15.7000,15.4000,15.4000,0,0,0
ABC,20171208,12.8424,12.9247,12.8424,12.9247,6400,15.6000,15.7000,15.6000,15.7000,0,0,0
ABC,20171207,13.1717,13.1717,12.9247,12.9247,9119,16.0000,16.0000,15.7000,15.7000,0,0,0
ABC,20171206,13.1717,13.3363,13.1717,13.1717,17014,16.0000,16.2000,16.0000,16.0000,0,0,0
ABC,20171205,13.0894,13.1717,13.0071,13.1717,10800,15.9000,16.0000,15.8000,16.0000,0,0,0
ABC,20171204,13.1717,13.5833,13.0894,13.0894,8721,16.0000,16.5000,15.9000,15.9000,0,0,0
ABC,20171201,13.0071,13.2540,13.0071,13.2540,26900,15.8000,16.1000,15.8000,16.1000,0,0,0
ABC,20171130,13.0071,13.0894,12.5132,13.0894,8600,15.8000,15.9000,15.2000,15.9000,0,0,0
ABC,20171129,12.9247,13.2540,12.9247,13.0071,10531,15.7000,16.1000,15.7000,15.8000,0,0,0
ABC,20171128,13.1717,13.2540,12.9248,12.9247,15311,16.0000,16.1000,15.7000,15.7000,0,0,0
ABC,20171127,13.1717,13.1717,13.0071,13.0894,5650,16.0000,16.0000,15.8000,15.9000,0,0,0
ABC,20171124,13.0070,13.0070,12.9247,13.0071,7600,15.8000,15.8000,15.7000,15.8000,0,0,0
ABC,20171123,13.1717,13.1717,12.9248,12.9247,4600,16.0000,16.0000,15.7000,15.7000,0,0,0
ABC,20171122,13.0894,13.1717,12.9248,13.0894,6000,15.9000,16.0000,15.7000,15.9000,0,0,0
ABC,20171121,13.5010,13.5010,13.0071,13.0071,17566,16.4000,16.4000,15.8000,15.8000,0,0,0
ABC,20171120,13.1717,13.4186,13.0070,13.4187,9300,16.0000,16.3000,15.8000,16.3000,0,0,0
ABC,20171117,13.0071,13.3364,13.0071,13.2540,2420,15.8000,16.2000,15.8000,16.1000,0,0,0
ABC,20171116,13.2540,13.4187,13.0894,13.0894,13910,16.1000,16.3000,15.9000,15.9000,0,0,0
ABC,20171115,13.2540,13.5833,13.2540,13.5833,1840,16.1000,16.5000,16.1000,16.5000,0,0,0
ABC,20171114,13.0071,13.8303,12.9247,13.1717,5800,15.8000,16.8000,15.7000,16.0000,0,0,0
ABC,20171113,13.9950,14.2419,13.5010,13.5010,32000,17.0000,17.3000,16.4000,16.4000,0,0,0
ABC,20171110,13.9949,14.3242,13.7480,14.0773,19580,17.0000,17.4000,16.7000,17.1000,0,0,0
ABC,20171109,13.2540,13.9949,13.2540,13.9126,17800,16.1000,17.0000,16.1000,16.9000,0,0,0
ABC,20171108,13.0071,13.1717,12.9248,13.1717,2700,15.8000,16.0000,15.7000,16.0000,0,0,0
ABC,20171107,13.0070,13.0894,12.8424,13.0894,1500,15.8000,15.9000,15.6000,15.9000,0,0,0
ABC,20171106,12.5131,12.8424,12.5131,12.8424,26000,15.2000,15.6000,15.2000,15.6000,0,0,0
ABC,20171103,12.6778,12.6778,12.3485,12.5131,6800,15.4000,15.4000,15.0000,15.2000,0,0,0
ABC,20171102,12.6778,13.1717,12.3485,12.7601,9640,15.4000,16.0000,15.0000,15.5000,0,0,0
ABC,20171101,13.0070,13.1717,12.5954,12.7601,10000,15.8000,16.0000,15.3000,15.5000,0,0,0
ABC,20171031,13.2540,13.2540,12.1838,12.9247,8000,16.1000,16.1000,14.8000,15.7000,0,0,0
ABC,20171030,13.6656,13.6656,13.5010,13.5010,1800,16.6000,16.6000,16.4000,16.4000,0,0,0
ABC,20171027,13.6656,13.6656,13.5010,13.5833,11500,16.6000,16.6000,16.4000,16.5000,0,0,0
ABC,20171026,13.9949,13.9949,13.5833,13.5833,8900,17.0000,17.0000,16.5000,16.5000,0,0,0
ABC,20171025,13.6657,13.9949,13.6657,13.9949,13100,16.6000,17.0000,16.6000,17.0000,0,0,0
ABC,20171024,13.6656,13.9126,13.6656,13.8303,29920,16.6000,16.9000,16.6000,16.8000,0,0,0
ABC,20171023,14.1596,14.5712,13.9950,13.9949,43310,17.2000,17.7000,17.0000,17.0000,0,0,0
ABC,20171020,14.2419,14.4065,14.1596,14.1596,8700,17.3000,17.5000,17.2000,17.2000,0,0,0
ABC,20171019,14.3242,14.3242,14.0773,14.2419,31600,17.4000,17.4000,17.1000,17.3000,0,0,0
ABC,20171018,14.3242,14.3242,14.2419,14.2419,9400,17.4000,17.4000,17.3000,17.3000,0,0,0
ABC,20171017,14.4889,14.4889,14.3243,14.3242,10000,17.6000,17.6000,17.4000,17.4000,0,0,0
ABC,20171016,14.5712,14.5712,14.4889,14.4889,11700,17.7000,17.7000,17.6000,17.6000,0,0,0
ABC,20171013,14.7358,14.7358,14.4066,14.4889,10800,17.9000,17.9000,17.5000,17.6000,0,0,0
ABC,20171012,14.2419,14.7358,13.9949,14.5712,26200,17.3000,17.9000,17.0000,17.7000,0,0,0
ABC,20171011,14.4889,14.4889,14.2420,14.2419,22200,17.6000,17.6000,17.3000,17.3000,0,0,0
ABC,20171010,14.7358,14.7358,14.4065,14.4066,10910,17.9000,17.9000,17.5000,17.5000,0,0,0
ABC,20171009,14.6535,14.6535,14.5712,14.6535,11100,17.8000,17.8000,17.7000,17.8000,0,0,0
ABC,20171006,14.7359,14.8182,14.5712,14.7358,1600,17.9000,18.0000,17.7000,17.9000,0,0,0
ABC,20171005,14.7358,14.7358,14.4065,14.4066,11500,17.9000,17.9000,17.5000,17.5000,0,0,0
ABC,20171004,14.5712,14.8181,14.4889,14.7358,7520,17.7000,18.0000,17.6000,17.9000,0,0,0
ABC,20171003,14.0773,14.7359,14.0773,14.6535,14300,17.1000,17.9000,17.1000,17.8000,0,0,0
ABC,20171002,14.8181,14.9004,14.4065,14.4066,13700,18.0000,18.1000,17.5000,17.5000,0,0,0
ABC,20170929,14.8182,14.9828,14.7359,14.7358,10000,18.0000,18.2000,17.9000,17.9000,0,0,0
ABC,20170928,14.9828,14.9828,14.8182,14.9005,9350,18.2000,18.2000,18.0000,18.1000,0,0,0
ABC,20170927,15.0651,15.0651,14.8182,14.9005,9900,18.3000,18.3000,18.0000,18.1000,0,0,0
ABC,20170926,14.9828,15.1474,14.4065,14.9005,42143,18.2000,18.4000,17.5000,18.1000,0,0,0
ABC,20170925,15.3121,15.3121,15.0652,15.0651,15800,18.6000,18.6000,18.3000,18.3000,0,0,0
ABC,20170922,15.4767,15.4767,15.1475,15.2298,16200,18.8000,18.8000,18.4000,18.5000,30000,0,0
ABC,20170921,15.5591,15.5591,15.3122,15.3121,12300,18.9000,18.9000,18.6000,18.6000,0,0,0
ABC,20170920,15.5591,15.6414,15.3121,15.4768,39800,18.9000,19.0000,18.6000,18.8000,0,0,0
ABC,20170919,15.5591,15.5591,15.3121,15.5591,17400,18.9000,18.9000,18.6000,18.9000,0,0,0
ABC,20170918,15.4768,15.6414,15.4768,15.5591,11900,18.8000,19.0000,18.8000,18.9000,0,0,0
ABC,20170915,16.1354,16.1354,15.6415,15.6414,13400,19.6000,19.6000,19.0000,19.0000,0,0,0
ABC,20170914,15.3944,16.0530,15.3121,15.8061,38700,18.7000,19.5000,18.6000,19.2000,0,0,0
ABC,20170913,15.2298,15.3944,15.1475,15.3944,19120,18.5000,18.7000,18.4000,18.7000,0,0,0
ABC,20170912,15.5591,15.5591,15.2298,15.3121,15800,18.9000,18.9000,18.5000,18.6000,0,0,0
ABC,20170911,15.6414,15.6414,15.3121,15.3121,13400,19.0000,19.0000,18.6000,18.6000,0,0,0
ABC,20170908,15.6414,15.8060,15.4768,15.7237,43000,19.0000,19.2000,18.8000,19.1000,0,0,0
ABC,20170907,15.8060,15.8060,15.5591,15.6414,36260,19.2000,19.2000,18.9000,19.0000,0,0,0
ABC,20170906,15.8061,15.8061,15.2298,15.6414,51085,19.2000,19.2000,18.5000,19.0000,0,0,0
ABC,20170905,15.9707,16.2177,15.5591,15.8061,73035,19.4000,19.7000,18.9000,19.2000,0,0,0
ABC,20170901,15.4768,16.3000,15.3122,15.9707,38525,18.8000,19.8000,18.6000,19.4000,0,0,0
ABC,20170831,16.4647,16.4647,15.3122,15.8061,22365,20.0000,20.0000,18.6000,19.2000,0,0,0
ABC,20170830,16.4646,16.4646,14.8181,15.8061,67335,20.0000,20.0000,18.0000,19.2000,0,0,0
ABC,20170829,17.4525,17.5348,16.3000,16.4646,91600,21.2000,21.3000,19.8000,20.0000,0,0,0
ABC,20170828,16.6293,17.9465,16.6293,17.3702,140383,20.2000,21.8000,20.2000,21.1000,0,0,0
ABC,20170825,14.5712,16.5469,14.4889,16.5470,297590,17.7000,20.1000,17.6000,20.1000,0,0,0
ABC,20170824,14.0773,14.8182,13.9950,14.6535,65500,17.1000,18.0000,17.0000,17.8000,0,0,0
ABC,20170823,14.0773,14.4066,13.9127,14.4066,22800,17.1000,17.5000,16.9000,17.5000,0,0,0
ABC,20170822,14.1595,14.4065,13.9949,14.0773,78300,17.2000,17.5000,17.0000,17.1000,0,0,0
ABC,20170821,13.8303,14.1596,13.5833,13.9949,156910,16.8000,17.2000,16.5000,17.0000,0,0,0
ABC,20170818,13.9126,13.9126,13.4187,13.5833,43300,16.9000,16.9000,16.3000,16.5000,0,0,0
ABC,20170817,14.0772,14.7358,13.8303,13.8303,70880,17.1000,17.9000,16.8000,16.8000,0,0,0
ABC,20170816,14.3242,14.4066,13.5833,13.9126,135907,17.4000,17.5000,16.5000,16.9000,0,0,0
ABC,20170815,14.8181,14.8181,14.2419,14.5712,63401,18.0000,18.0000,17.3000,17.7000,0,0,0
ABC,20170814,15.2298,15.2298,14.6535,14.6535,78700,18.5000,18.5000,17.8000,17.8000,0,0,0
ABC,20170811,15.8060,15.8060,15.2298,15.2298,36510,19.2000,19.2000,18.5000,18.5000,0,0,0
ABC,20170810,15.7237,15.7237,15.3121,15.6414,74228,19.1000,19.1000,18.6000,19.0000,0,0,0
ABC,20170809,16.0530,16.3823,15.6414,15.6414,93800,19.5000,19.9000,19.0000,19.0000,0,0,0
ABC,20170808,16.0530,16.4646,15.4768,15.5591,75310,19.5000,20.0000,18.8000,18.9000,0,0,0
ABC,20170807,16.7116,16.7116,15.6414,15.6414,92900,20.3000,20.3000,19.0000,19.0000,0,0,0
ABC,20170804,17.5349,17.5349,16.3824,16.4646,80587,21.3000,21.3000,19.9000,20.0000,0,0,0
ABC,20170803,18.1111,18.5227,16.8763,16.8763,83400,22.0000,22.5000,20.5000,20.5000,0,0,0
ABC,20170802,18.7697,18.9343,18.1934,18.4404,58624,22.8000,23.0000,22.1000,22.4000,0,4,0
ABC,20170801,18.9344,19.0167,18.7697,18.9343,46300,23.0000,23.1000,22.8000,23.0000,0,0,0
ABC,20170731,20.1692,20.1692,18.6874,19.0167,71713,24.5000,24.5000,22.7000,23.1000,0,0,0
ABC,20170728,18.6050,20.7454,18.6050,20.2515,86330,22.6000,25.2000,22.6000,24.6000,0,0,0
ABC,20170727,18.2758,19.4283,18.0288,19.3459,107460,22.2000,23.6000,21.9000,23.5000,0,0,0
ABC,20170726,18.9343,18.9343,18.0287,18.3581,159601,23.0000,23.0000,21.9000,22.3000,0,0,0
ABC,20170725,19.0989,19.7575,17.6994,19.3459,208507,23.2000,24.0000,21.5000,23.5000,0,0,0
ABC,20170724,16.4646,18.4404,16.4646,17.2055,162600,20.0000,22.4000,20.0000,20.9000,0,0,0
ABC,20170721,16.0530,16.4646,15.6414,16.0530,8249,19.5000,20.0000,19.0000,19.5000,0,0,0
ABC,20170720,15.4768,17.2055,15.3944,16.0530,9411,18.8000,20.9000,18.7000,19.5000,0,56,0
ABC,20170719,14.9005,15.6414,14.8182,15.6414,7700,18.1000,19.0000,18.0000,19.0000,0,0,0
ABC,20170718,15.9707,15.9707,14.9828,15.2298,38417,19.4000,19.4000,18.2000,18.5000,0,0,0
ABC,20170717,15.6414,16.4646,15.6414,15.9707,21650,19.0000,20.0000,19.0000,19.4000,0,0,0
ABC,20170714,17.2878,17.2878,16.0530,16.3823,65440,21.0000,21.0000,19.5000,19.9000,0,0,0
ABC,20170713,19.7576,19.7576,17.6172,17.8641,77790,24.0000,24.0000,21.4000,21.7000,0,0,0
ABC,20170712,17.6996,22.2274,17.6996,20.5808,34740,21.5000,27.0000,21.5000,25.0000,0,0,0
ABC,20170711,22.0367,22.0367,20.6301,21.2395,180140,47.0000,47.0000,44.0000,45.3000,0,0,0
ABC,20170710,22.4586,22.4586,21.5209,21.5678,44800,47.9000,47.9000,45.9000,46.0000,0,0,0
ABC,20170707,23.0212,23.0212,22.0366,22.2711,56914,49.1000,49.1000,47.0000,47.5000,0,0,0
ABC,20170706,23.3963,23.3963,22.6461,22.8337,130007,49.9000,49.9000,48.3000,48.7000,0,0,0
ABC,20170705,23.0681,23.3494,22.8806,23.3494,67006,49.2000,49.8000,48.8000,49.8000,0,0,0
ABC,20170704,23.6777,23.9121,22.8337,23.0681,81500,50.5000,51.0000,48.7000,49.2000,0,0,0
ABC,20170703,23.4433,24.3810,23.1619,23.5839,118110,50.0000,52.0000,49.4000,50.3000,0,0,0
ABC,20170630,24.1465,24.1465,22.0366,23.3026,95100,51.5000,51.5000,47.0000,49.7000,0,0,0
ABC,20170629,24.9905,25.7875,23.4432,23.9121,83000,53.3000,55.0000,50.0000,51.0000,0,0,0
ABC,20170628,26.2564,26.2564,23.2088,25.6000,149320,56.0000,56.0000,49.5000,54.6000,0,0,0
ABC,20170627,21.5678,23.2088,21.3334,23.2088,137950,46.0000,49.5000,45.5000,49.5000,0,0,0
ABC,20170626,19.2234,21.5678,19.2234,21.5209,47640,41.0000,46.0000,41.0000,45.9000,0,0,0
ABC,20170623,20.3956,21.6146,18.8014,19.6923,9700,43.5000,46.1000,40.1000,42.0000,0,0,0
ABC,20170622,18.7546,21.0989,16.4103,19.2234,27000,40.0000,45.0000,35.0000,41.0000,27700,0,0
ABC,20170609,18.7546,18.7546,18.7546,18.7546,100,40.0000,40.0000,40.0000,40.0000,0,0,0
ABC,20170608,18.0513,18.0513,18.0513,18.0513,100,38.5000,38.5000,38.5000,38.5000,0,0,0
ABC,20170606,16.1759,16.1759,16.1759,16.1758,300,34.5000,34.5000,34.5000,34.5000,0,0,0
ABC,20170531,15.6600,15.7069,15.5663,15.5663,900,33.4000,33.5000,33.2000,33.2000,0,0,0
ABC,20170525,15.7070,15.7539,15.7070,15.7538,1500,33.5000,33.6000,33.5000,33.6000,0,0,0
ABC,20170519,16.3165,16.3165,16.3165,16.3165,100,34.8000,34.8000,34.8000,34.8000,0,0,0
ABC,20170517,14.3003,14.3003,14.3003,14.3004,100,30.5000,30.5000,30.5000,30.5000,0,0,0
ABC,20170515,14.0659,14.0659,14.0659,14.0659,2000,30.0000,30.0000,30.0000,30.0000,0,0,0
ABC,20170512,14.1128,14.1128,14.1128,14.1128,400,30.1000,30.1000,30.1000,30.1000,0,0,0
ABC,20170510,14.0659,17.2542,14.0659,17.2542,1200,30.0000,36.8000,30.0000,36.8000,0,0,0
ABC,20170509,15.3788,15.3788,15.3788,15.3787,100,32.8000,32.8000,32.8000,32.8000,0,0,0
ABC,20170508,14.5348,14.5348,14.5348,14.5348,100,31.0000,31.0000,31.0000,31.0000,0,0,0
ABC,20170505,14.0659,14.8161,14.0659,14.8161,1100,30.0000,31.6000,30.0000,31.6000,0,0,0
ABC,20170504,14.9098,14.9098,14.9098,14.9099,100,31.8000,31.8000,31.8000,31.8000,0,0,0
ABC,20170503,12.5187,14.0191,12.5187,14.0190,3800,26.7000,29.9000,26.7000,29.9000,0,0,0
ABC,20170428,11.9560,12.2373,11.9560,12.2374,7500,25.5000,26.1000,25.5000,26.1000,0,0,0
ABC,20170425,14.0659,14.0659,14.0659,14.0659,4000,30.0000,30.0000,30.0000,30.0000,0,0,0
ABC,20170424,14.1597,14.1597,14.0659,14.0659,2010,30.2000,30.2000,30.0000,30.0000,0,0,0
ABC,20170420,15.0974,15.0974,15.0036,15.0037,1500,32.2000,32.2000,32.0000,32.0000,0,0,0
ABC,20170419,15.0974,15.4725,15.0036,15.4725,3200,32.2000,33.0000,32.0000,33.0000,0,0,0
ABC,20170417,15.5663,15.5663,14.5348,14.5348,700,33.2000,33.2000,31.0000,31.0000,0,0,0
ABC,20170411,15.9414,15.9414,15.5194,15.5194,2000,34.0000,34.0000,33.1000,33.1000,0,0,0
ABC,20170410,15.9414,15.9414,15.9414,15.9414,10,34.0000,34.0000,34.0000,34.0000,0,0,0
ABC,20170407,15.9883,15.9883,15.9414,15.9414,1900,34.1000,34.1000,34.0000,34.0000,0,0,0
ABC,20170404,15.7070,15.7070,15.6601,15.6601,1000,33.5000,33.5000,33.4000,33.4000,0,0,0
ABC,20170403,15.9414,15.9414,15.9414,15.9414,1100,34.0000,34.0000,34.0000,34.0000,0,0,0
ABC,20170331,15.6132,15.6132,15.5663,15.5663,500,33.3000,33.3000,33.2000,33.2000,0,0,0
ABC,20170330,15.5663,15.5663,15.5194,15.5194,1000,33.2000,33.2000,33.1000,33.1000,0,0,0
ABC,20170329,16.1758,16.1758,16.1758,16.1758,200,34.5000,34.5000,34.5000,34.5000,0,0,0
ABC,20170328,16.1758,16.1758,16.1758,16.1758,500,34.5000,34.5000,34.5000,34.5000,0,0,0
ABC,20170327,15.9414,15.9414,15.9414,15.9414,10,34.0000,34.0000,34.0000,34.0000,0,0,0
ABC,20170321,15.9414,15.9414,15.9414,15.9414,200,34.0000,34.0000,34.0000,34.0000,0,0,0
ABC,20170320,16.1758,16.1758,16.1758,16.1758,2000,34.5000,34.5000,34.5000,34.5000,0,0,0
ABC,20170317,18.0513,18.0513,16.8792,16.8791,8400,38.5000,38.5000,36.0000,36.0000,0,0,0
ABC,20170314,15.7069,15.9414,15.7069,15.9414,7350,33.5000,34.0000,33.5000,34.0000,0,0,0
ABC,20170313,18.2388,18.6139,18.2388,18.2857,1900,38.9000,39.7000,38.9000,39.0000,0,0,0
ABC,20170309,15.9414,16.3634,15.9414,16.3634,3000,34.0000,34.9000,34.0000,34.9000,0,0,0
ABC,20170308,16.4102,16.4102,15.8945,15.8945,7300,35.0000,35.0000,33.9000,33.9000,0,0,0
ABC,20170306,16.4102,16.4571,16.4102,16.4102,21500,35.0000,35.1000,35.0000,35.0000,27700,0,0
ABC,20170301,16.4102,16.4102,16.4102,16.4102,1100,35.0000,35.0000,35.0000,35.0000,0,0,0
ABC,20170228,16.4103,16.4103,16.4103,16.4102,100,35.0000,35.0000,35.0000,35.0000,0,0,0
ABC,20170227,17.3480,17.3480,17.3480,17.3480,50,37.0000,37.0000,37.0000,37.0000,0,0,0
ABC,20170220,17.3480,17.3480,17.3480,17.3480,100,37.0000,37.0000,37.0000,37.0000,0,0,0
ABC,20170215,17.3480,17.3480,17.3480,17.3480,7000,37.0000,37.0000,37.0000,37.0000,0,0,0
ABC,20170214,17.3479,17.5824,17.3479,17.5824,3000,37.0000,37.5000,37.0000,37.5000,0,0,0
ABC,20170206,16.4103,16.4103,16.4103,16.4102,3800,35.0000,35.0000,35.0000,35.0000,0,0,0
ABC,20170111,17.3948,17.3948,17.3948,17.3949,3900,37.1000,37.1000,37.1000,37.1000,0,0,0
ABC,20161229,19.5986,19.5986,19.5986,19.5985,1800,41.8000,41.8000,41.8000,41.8000,0,0,0
ABC,20161228,17.3480,17.3480,17.3480,17.3480,2000,37.0000,37.0000,37.0000,37.0000,0,0,0
ABC,20161227,17.3479,17.3479,17.3479,17.3480,4900,37.0000,37.0000,37.0000,37.0000,0,0,0
ABC,20161226,17.4418,17.4418,17.4418,17.4417,1500,37.2000,37.2000,37.2000,37.2000,0,0,0
ABC,20161223,17.3949,17.3949,17.3480,17.3480,11500,37.1000,37.1000,37.0000,37.0000,0,0,0
ABC,20161220,18.7546,18.7546,18.6608,18.6608,6500,40.0000,40.0000,39.8000,39.8000,0,0,0
ABC,20161219,17.3480,18.7077,17.3480,18.7077,2700,37.0000,39.9000,37.0000,39.9000,0,0,0
ABC,20161216,17.3480,17.3480,17.3480,17.3480,1000,37.0000,37.0000,37.0000,37.0000,0,0,0
ABC,20161215,16.4102,16.4102,16.1758,16.1758,3000,35.0000,35.0000,34.5000,34.5000,0,0,0
ABC,20161214,16.4102,16.4102,16.4102,16.4102,4000,35.0000,35.0000,35.0000,35.0000,0,0,0
ABC,20161212,16.4571,16.4571,16.4571,16.4571,4000,35.1000,35.1000,35.1000,35.1000,0,0,0
ABC,20161209,16.4571,16.4571,16.4571,16.4571,800,35.1000,35.1000,35.1000,35.1000,0,0,0
ABC,20161208,16.4102,16.4102,16.4102,16.4102,1200,35.0000,35.0000,35.0000,35.0000,0,0,0
ABC,20161207,16.4102,16.4102,16.4102,16.4102,1000,35.0000,35.0000,35.0000,35.0000,0,0,0
ABC,20161205,16.8791,16.8791,16.8791,16.8791,7900,36.0000,36.0000,36.0000,36.0000,0,0,0
ABC,20161202,17.8168,17.8168,17.8168,17.8168,100,38.0000,38.0000,38.0000,38.0000,0,0,0
ABC,20161201,16.8791,16.8791,16.8791,16.8791,4000,36.0000,36.0000,36.0000,36.0000,0,0,0
ABC,20161130,16.4102,16.4102,16.4102,16.4102,1200,35.0000,35.0000,35.0000,35.0000,0,0,0
ABC,20161128,16.4102,16.4102,16.4102,16.4102,900,35.0000,35.0000,35.0000,35.0000,0,0,0
ABC,20161125,16.4102,16.4102,16.4102,16.4102,2400,35.0000,35.0000,35.0000,35.0000,0,0,0
ABC,20161123,16.4102,16.8791,16.4102,16.8791,6100,35.0000,36.0000,35.0000,36.0000,0,0,0
ABC,20161122,18.2388,18.2388,18.2388,18.2388,100,38.9000,38.9000,38.9000,38.9000,0,0,0
ABC,20161118,15.9414,16.4103,15.9414,16.4102,2500,34.0000,35.0000,34.0000,35.0000,0,0,0
ABC,20161117,16.4103,16.4103,15.9414,15.9414,23200,35.0000,35.0000,34.0000,34.0000,0,500,0
ABC,20161114,16.4102,16.4102,15.9413,15.9414,18500,35.0000,35.0000,34.0000,34.0000,0,0,0
ABC,20161111,16.8791,16.8791,16.4102,16.4102,10800,36.0000,36.0000,35.0000,35.0000,0,0,0
ABC,20161110,16.4103,16.4103,16.4103,16.4102,500,35.0000,35.0000,35.0000,35.0000,0,0,0
ABC,20161109,18.3326,18.3326,18.3326,18.3326,100,39.1000,39.1000,39.1000,39.1000,0,0,0
ABC,20161108,15.9414,15.9414,15.9414,15.9414,100,34.0000,34.0000,34.0000,34.0000,0,0,0
ABC,20161104,16.1758,18.3326,16.1758,18.3326,200,34.5000,39.1000,34.5000,39.1000,0,100,0
ABC,20161103,15.9414,15.9414,15.9414,15.9414,200,34.0000,34.0000,34.0000,34.0000,0,0,0
ABC,20161102,15.8477,15.8477,15.8477,15.8476,100,33.8000,33.8000,33.8000,33.8000,0,0,0
ABC,20161101,15.7069,15.7069,15.7069,15.7070,1700,33.5000,33.5000,33.5000,33.5000,0,0,0
ABC,20161031,15.4725,15.4725,15.4725,15.4725,2000,33.0000,33.0000,33.0000,33.0000,0,0,0
ABC,20161028,15.4725,15.4725,15.4725,15.4725,100,33.0000,33.0000,33.0000,33.0000,0,0,0
ABC,20161027,15.2381,15.4726,15.2381,15.4725,2000,32.5000,33.0000,32.5000,33.0000,0,0,0
ABC,20161026,15.0037,15.0037,15.0037,15.0037,2000,32.0000,32.0000,32.0000,32.0000,0,0,0
ABC,20161024,14.8161,15.9414,14.8161,15.9414,400,31.6000,34.0000,31.6000,34.0000,0,0,0
ABC,20161021,14.7692,14.8630,14.7692,14.8630,1000,31.5000,31.7000,31.5000,31.7000,0,500,0
ABC,20161020,14.7692,14.7692,14.7692,14.7692,1000,31.5000,31.5000,31.5000,31.5000,0,500,0
ABC,20161019,14.7692,14.7692,14.7692,14.7692,2500,31.5000,31.5000,31.5000,31.5000,0,0,0
ABC,20161018,14.3004,14.5348,14.3004,14.5348,2000,30.5000,31.0000,30.5000,31.0000,0,700,0
ABC,20161017,14.3004,14.3004,14.3004,14.3004,500,30.5000,30.5000,30.5000,30.5000,0,500,0
ABC,20161014,14.6755,14.6755,14.6755,14.6755,500,31.3000,31.3000,31.3000,31.3000,0,0,0
ABC,20161013,14.5348,14.5348,14.5348,14.5348,500,31.0000,31.0000,31.0000,31.0000,0,0,0
ABC,20161012,14.5347,14.5347,14.4410,14.4410,5000,31.0000,31.0000,30.8000,30.8000,0,600,0
ABC,20161011,14.4879,14.4879,14.3472,14.3472,4700,30.9000,30.9000,30.6000,30.6000,0,0,0
ABC,20161010,14.4879,14.4879,14.4879,14.4879,1000,30.9000,30.9000,30.9000,30.9000,0,0,0
ABC,20161007,14.7692,14.7692,14.7692,14.7692,100,31.5000,31.5000,31.5000,31.5000,0,0,0
ABC,20161006,14.3004,14.7692,14.3004,14.7692,200,30.5000,31.5000,30.5000,31.5000,0,100,0
ABC,20161005,14.5348,14.5348,14.5348,14.5348,1200,31.0000,31.0000,31.0000,31.0000,0,100,0
ABC,20161004,14.5348,14.5348,14.5348,14.5348,2000,31.0000,31.0000,31.0000,31.0000,0,500,0
ABC,20160928,15.4725,15.4725,15.4725,15.4725,100,33.0000,33.0000,33.0000,33.0000,0,0,0
ABC,20160927,14.7693,14.7693,14.7693,14.7692,500,31.5000,31.5000,31.5000,31.5000,0,500,0
ABC,20160926,15.0037,15.0037,15.0037,15.0037,600,32.0000,32.0000,32.0000,32.0000,0,500,0
ABC,20160922,15.0037,15.0037,15.0037,15.0037,500,32.0000,32.0000,32.0000,32.0000,0,500,0
ABC,20160921,15.2381,15.2381,15.2381,15.2381,500,32.5000,32.5000,32.5000,32.5000,0,500,0
ABC,20160920,15.2381,15.2381,15.0037,15.0037,1800,32.5000,32.5000,32.0000,32.0000,0,100,0
ABC,20160919,15.7070,15.7070,15.4725,15.7070,4100,33.5000,33.5000,33.0000,33.5000,0,0,0
ABC,20160916,15.9414,15.9414,15.9414,15.9414,100,34.0000,34.0000,34.0000,34.0000,0,0,0
ABC,20160915,15.4726,15.4726,15.4726,15.4725,100,33.0000,33.0000,33.0000,33.0000,0,100,0
ABC,20160914,15.7070,15.7070,15.7070,15.7070,500,33.5000,33.5000,33.5000,33.5000,0,500,0
ABC,20160913,15.9414,15.9414,15.9414,15.9414,1000,34.0000,34.0000,34.0000,34.0000,0,0,0
ABC,20160912,15.5663,15.8476,15.5663,15.8476,5000,33.2000,33.8000,33.2000,33.8000,0,0,0
ABC,20160909,15.8477,15.8477,15.8477,15.8476,5000,33.8000,33.8000,33.8000,33.8000,0,0,0
ABC,20160908,15.5195,15.7070,15.5195,15.7070,8800,33.1000,33.5000,33.1000,33.5000,0,0,0
ABC,20160907,15.7069,15.7069,15.7069,15.7070,500,33.5000,33.5000,33.5000,33.5000,0,500,0
ABC,20160906,15.8476,15.8476,15.8476,15.8476,9000,33.8000,33.8000,33.8000,33.8000,0,0,0
ABC,20160905,16.1758,16.1758,15.9414,16.1758,3100,34.5000,34.5000,34.0000,34.5000,0,1100,0
ABC,20160901,16.2227,16.2227,16.2227,16.2227,100,34.6000,34.6000,34.6000,34.6000,0,0,0
ABC,20160831,16.1758,16.1758,16.1289,16.1758,1100,34.5000,34.5000,34.4000,34.5000,0,0,0
ABC,20160830,15.9414,16.1758,15.4725,16.1758,10210,34.0000,34.5000,33.0000,34.5000,0,600,0
ABC,20160829,16.3165,16.3165,16.3165,16.3165,1100,34.8000,34.8000,34.8000,34.8000,0,0,0
ABC,20160826,15.9414,16.2696,15.8008,16.2696,11400,34.0000,34.7000,33.7000,34.7000,0,300,0
ABC,20160825,16.2227,16.3633,16.1289,16.3634,4100,34.6000,34.9000,34.4000,34.9000,0,0,0
ABC,20160824,16.3165,16.4103,16.3165,16.4102,16000,34.8000,35.0000,34.8000,35.0000,0,0,0
ABC,20160823,16.8791,16.8791,16.2696,16.3165,5000,36.0000,36.0000,34.7000,34.8000,0,0,0
ABC,20160822,17.8168,17.8168,16.8791,16.8791,13400,38.0000,38.0000,36.0000,36.0000,0,0,0
ABC,20160819,18.4264,18.4264,17.5824,17.5824,23700,39.3000,39.3000,37.5000,37.5000,0,0,0
ABC,20160818,18.7077,18.7077,17.0198,18.6139,25400,39.9000,39.9000,36.3000,39.7000,0,0,0
